 INFO  Accepting connections at http://localhost:3000
 HTTP  9/21/2026 5:08:07 PM ::1 GET /
 HTTP  9/21/2026 5:08:07 PM ::1 Returned 200 in 258 ms
 HTTP  9/21/2026 5:08:07 PM ::1 GET /compass-logo.png
 HTTP  9/21/2026 5:08:08 PM ::1 GET /_next/static/chunks/24v4i2qmup8bl.css
 HTTP  9/21/2026 5:08:07 PM ::1 Returned 200 in 343 ms
 HTTP  9/21/2026 5:08:08 PM ::1 Returned 200 in 375 ms
 HTTP  9/21/2026 5:08:08 PM ::1 GET /_next/static/chunks/3s6nzrbk-8mnv.js
 HTTP  9/21/2026 5:08:09 PM ::1 GET /_next/static/chunks/19mx3mg6lkumu.js
 HTTP  9/21/2026 5:08:09 PM ::1 GET /_next/static/chunks/3kmozkq6tgqnz.js
 HTTP  9/21/2026 5:08:09 PM ::1 GET /_next/static/chunks/2l5x-zhm7488_.js
 HTTP  9/21/2026 5:08:09 PM ::1 GET /_next/static/chunks/turbopack-23uo424_7v2rd.js
 HTTP  9/21/2026 5:08:09 PM ::1 GET /_next/static/chunks/3fntmmi971322.js
 HTTP  9/21/2026 5:08:08 PM ::1 Returned 200 in 1257 ms
 HTTP  9/21/2026 5:08:09 PM ::1 Returned 200 in 1037 ms
 HTTP  9/21/2026 5:08:09 PM ::1 Returned 200 in 614 ms
 HTTP  9/21/2026 5:08:09 PM ::1 Returned 200 in 374 ms
 HTTP  9/21/2026 5:08:10 PM ::1 GET /_next/static/media/public-sans-latin-400-normal.0dfhr30pzjgke.woff2
 HTTP  9/21/2026 5:08:09 PM ::1 Returned 200 in 1059 ms
 HTTP  9/21/2026 5:08:09 PM ::1 Returned 200 in 1379 ms
 HTTP  9/21/2026 5:08:10 PM ::1 GET /_next/static/media/source-serif-4-latin-400-normal.2h0g4hvhigxb2.woff2
 HTTP  9/21/2026 5:08:10 PM ::1 GET /_next/static/media/public-sans-latin-600-normal.28kl08ryt2g51.woff2
 HTTP  9/21/2026 5:08:10 PM ::1 GET /_next/static/media/source-serif-4-latin-400-italic.176tdg0wh_pxv.woff2
 HTTP  9/21/2026 5:08:10 PM ::1 Returned 200 in 684 ms
 HTTP  9/21/2026 5:08:10 PM ::1 Returned 200 in 413 ms
 HTTP  9/21/2026 5:08:11 PM ::1 GET /_next/static/media/public-sans-latin-800-normal.3yqjxqcq8pbt_.woff2
 HTTP  9/21/2026 5:08:10 PM ::1 Returned 200 in 559 ms
 HTTP  9/21/2026 5:08:11 PM ::1 GET /college.jpeg
 HTTP  9/21/2026 5:08:10 PM ::1 Returned 200 in 686 ms
 HTTP  9/21/2026 5:08:11 PM ::1 GET /_next/static/chunks/08h_lnmb0vpih.js
 HTTP  9/21/2026 5:08:11 PM ::1 GET /_next/static/chunks/0goy3ssicgvu7.js
 HTTP  9/21/2026 5:08:11 PM ::1 Returned 200 in 651 ms
 HTTP  9/21/2026 5:08:11 PM ::1 GET /bsnu-logo.png
 HTTP  9/21/2026 5:08:11 PM ::1 GET /fms-logo.png
 HTTP  9/21/2026 5:08:11 PM ::1 Returned 200 in 236 ms
 HTTP  9/21/2026 5:08:11 PM ::1 Returned 200 in 134 ms
 HTTP  9/21/2026 5:08:11 PM ::1 Returned 200 in 474 ms
 HTTP  9/21/2026 5:08:11 PM ::1 Returned 200 in 53 ms
 HTTP  9/21/2026 5:08:11 PM ::1 Returned 200 in 54 ms
 HTTP  9/21/2026 5:08:12 PM ::1 GET /tab-compass.png
 HTTP  9/21/2026 5:08:12 PM ::1 Returned 200 in 6 ms
 HTTP  9/21/2026 5:08:12 PM ::1 HEAD /
 HTTP  9/21/2026 5:08:12 PM ::1 HEAD /about/
 HTTP  9/21/2026 5:08:12 PM ::1 HEAD /agenda/
 HTTP  9/21/2026 5:08:12 PM ::1 HEAD /speakers/
 HTTP  9/21/2026 5:08:12 PM ::1 Returned 304 in 261 ms
 HTTP  9/21/2026 5:08:12 PM ::1 GET /__next._tree.txt?_rsc=5CB68i4pnAekjehf
 HTTP  9/21/2026 5:08:12 PM ::1 Returned 200 in 565 ms
 HTTP  9/21/2026 5:08:12 PM ::1 Returned 200 in 587 ms
 HTTP  9/21/2026 5:08:12 PM ::1 Returned 200 in 545 ms
 HTTP  9/21/2026 5:08:12 PM ::1 Returned 200 in 471 ms
 HTTP  9/21/2026 5:08:13 PM ::1 GET /about/__next._tree.txt?_rsc=5CB68i4pnAekjehf
 HTTP  9/21/2026 5:08:13 PM ::1 GET /agenda/__next._tree.txt?_rsc=5CB68i4pnAekjehf
 HTTP  9/21/2026 5:08:13 PM ::1 GET /speakers/__next._tree.txt?_rsc=5CB68i4pnAekjehf
 HTTP  9/21/2026 5:08:13 PM ::1 Returned 200 in 254 ms
 HTTP  9/21/2026 5:08:13 PM ::1 Returned 200 in 199 ms
 HTTP  9/21/2026 5:08:13 PM ::1 HEAD /posters/
 HTTP  9/21/2026 5:08:13 PM ::1 Returned 200 in 103 ms
 HTTP  9/21/2026 5:08:13 PM ::1 HEAD /sponsors/
 HTTP  9/21/2026 5:08:13 PM ::1 HEAD /registration/
 HTTP  9/21/2026 5:08:13 PM ::1 Returned 200 in 157 ms
 HTTP  9/21/2026 5:08:13 PM ::1 Returned 200 in 103 ms
 HTTP  9/21/2026 5:08:13 PM ::1 Returned 200 in 104 ms
 HTTP  9/21/2026 5:08:13 PM ::1 GET /posters/__next._tree.txt?_rsc=5CB68i4pnAekjehf
 HTTP  9/21/2026 5:08:13 PM ::1 GET /sponsors/__next._tree.txt?_rsc=5CB68i4pnAekjehf
 HTTP  9/21/2026 5:08:13 PM ::1 GET /registration/__next._tree.txt?_rsc=5CB68i4pnAekjehf
 HTTP  9/21/2026 5:08:13 PM ::1 GET /__next.__PAGE__.txt?_rsc=8nTjltbQWvg6NcbE
 HTTP  9/21/2026 5:08:13 PM ::1 Returned 200 in 60 ms
 HTTP  9/21/2026 5:08:13 PM ::1 Returned 200 in 109 ms
 HTTP  9/21/2026 5:08:13 PM ::1 Returned 200 in 182 ms
 HTTP  9/21/2026 5:08:13 PM ::1 Returned 200 in 187 ms
 HTTP  9/21/2026 5:08:14 PM ::1 GET /about/__next.about.__PAGE__.txt?_rsc=hzcUC6YqarYE9pKE
 HTTP  9/21/2026 5:08:14 PM ::1 GET /agenda/__next.agenda.__PAGE__.txt?_rsc=j4kbAtHoDLFX2hk4
 HTTP  9/21/2026 5:08:14 PM ::1 GET /speakers/__next.speakers.__PAGE__.txt?_rsc=22PMAocxR9F6V8R5
 HTTP  9/21/2026 5:08:14 PM ::1 GET /posters/__next.posters.__PAGE__.txt?_rsc=44zf1ldL-cmIdsFY
 HTTP  9/21/2026 5:08:14 PM ::1 Returned 404 in 15 ms
 HTTP  9/21/2026 5:08:14 PM ::1 Returned 404 in 231 ms
 HTTP  9/21/2026 5:08:14 PM ::1 Returned 404 in 205 ms
 HTTP  9/21/2026 5:08:14 PM ::1 Returned 404 in 212 ms
 HTTP  9/21/2026 5:08:14 PM ::1 GET /sponsors/__next.sponsors.__PAGE__.txt?_rsc=HgMpmY5Ko1RgowCN
 HTTP  9/21/2026 5:08:14 PM ::1 GET /registration/__next.registration.__PAGE__.txt?_rsc=vL_-aE5EF4X0Mpyf
 HTTP  9/21/2026 5:08:14 PM ::1 Returned 404 in 226 ms
 HTTP  9/21/2026 5:08:14 PM ::1 Returned 404 in 232 ms
 HTTP  9/21/2026 5:09:35 PM ::1 GET /
 HTTP  9/21/2026 5:09:35 PM ::1 Returned 200 in 143 ms
 HTTP  9/21/2026 5:09:35 PM ::1 GET /compass-logo.png
 HTTP  9/21/2026 5:09:36 PM ::1 GET /_next/static/chunks/24v4i2qmup8bl.css
 HTTP  9/21/2026 5:09:35 PM ::1 Returned 200 in 377 ms
 HTTP  9/21/2026 5:09:36 PM ::1 Returned 200 in 279 ms
 HTTP  9/21/2026 5:09:36 PM ::1 GET /_next/static/chunks/3s6nzrbk-8mnv.js
 HTTP  9/21/2026 5:09:36 PM ::1 Returned 200 in 101 ms
 HTTP  9/21/2026 5:09:36 PM ::1 GET /_next/static/chunks/19mx3mg6lkumu.js
 HTTP  9/21/2026 5:09:36 PM ::1 Returned 200 in 152 ms
 HTTP  9/21/2026 5:09:37 PM ::1 GET /_next/static/chunks/3kmozkq6tgqnz.js
 HTTP  9/21/2026 5:09:37 PM ::1 GET /_next/static/chunks/2l5x-zhm7488_.js
 HTTP  9/21/2026 5:09:37 PM ::1 GET /_next/static/chunks/turbopack-23uo424_7v2rd.js
 HTTP  9/21/2026 5:09:37 PM ::1 GET /_next/static/chunks/3fntmmi971322.js
 HTTP  9/21/2026 5:09:37 PM ::1 Returned 200 in 440 ms
 HTTP  9/21/2026 5:09:37 PM ::1 Returned 200 in 437 ms
 HTTP  9/21/2026 5:09:37 PM ::1 Returned 200 in 449 ms
 HTTP  9/21/2026 5:09:37 PM ::1 Returned 200 in 473 ms
 HTTP  9/21/2026 5:09:37 PM ::1 GET /_next/static/media/public-sans-latin-400-normal.0dfhr30pzjgke.woff2
 HTTP  9/21/2026 5:09:37 PM ::1 Returned 200 in 95 ms
 HTTP  9/21/2026 5:09:38 PM ::1 GET /_next/static/media/source-serif-4-latin-400-normal.2h0g4hvhigxb2.woff2
 HTTP  9/21/2026 5:09:38 PM ::1 GET /_next/static/media/public-sans-latin-600-normal.28kl08ryt2g51.woff2
 HTTP  9/21/2026 5:09:38 PM ::1 GET /_next/static/media/source-serif-4-latin-400-italic.176tdg0wh_pxv.woff2
 HTTP  9/21/2026 5:09:38 PM ::1 Returned 200 in 81 ms
 HTTP  9/21/2026 5:09:38 PM ::1 Returned 200 in 11 ms
 HTTP  9/21/2026 5:09:38 PM ::1 Returned 200 in 22 ms
 HTTP  9/21/2026 5:09:38 PM ::1 GET /_next/static/media/public-sans-latin-800-normal.3yqjxqcq8pbt_.woff2
 HTTP  9/21/2026 5:09:38 PM ::1 GET /college.jpeg
 HTTP  9/21/2026 5:09:38 PM ::1 GET /_next/static/chunks/08h_lnmb0vpih.js
 HTTP  9/21/2026 5:09:38 PM ::1 GET /_next/static/chunks/0goy3ssicgvu7.js
 HTTP  9/21/2026 5:09:38 PM ::1 GET /bsnu-logo.png
 HTTP  9/21/2026 5:09:38 PM ::1 GET /fms-logo.png
 HTTP  9/21/2026 5:09:38 PM ::1 Returned 200 in 373 ms
 HTTP  9/21/2026 5:09:38 PM ::1 Returned 200 in 272 ms
 HTTP  9/21/2026 5:09:38 PM ::1 Returned 200 in 99 ms
 HTTP  9/21/2026 5:09:38 PM ::1 Returned 200 in 201 ms
 HTTP  9/21/2026 5:09:38 PM ::1 Returned 200 in 318 ms
 HTTP  9/21/2026 5:09:38 PM ::1 Returned 200 in 435 ms
 HTTP  9/21/2026 5:09:39 PM ::1 GET /tab-compass.png
 HTTP  9/21/2026 5:09:39 PM ::1 Returned 200 in 20 ms
 HTTP  9/21/2026 5:09:39 PM ::1 HEAD /
 HTTP  9/21/2026 5:09:39 PM ::1 HEAD /about/
 HTTP  9/21/2026 5:09:39 PM ::1 HEAD /agenda/
 HTTP  9/21/2026 5:09:39 PM ::1 HEAD /speakers/
 HTTP  9/21/2026 5:09:39 PM ::1 Returned 304 in 591 ms
 HTTP  9/21/2026 5:09:39 PM ::1 Returned 200 in 618 ms
 HTTP  9/21/2026 5:09:39 PM ::1 Returned 200 in 531 ms
 HTTP  9/21/2026 5:09:39 PM ::1 Returned 200 in 569 ms
 HTTP  9/21/2026 5:09:40 PM ::1 GET /__next._tree.txt?_rsc=5CB68i4pnAekjehf
 HTTP  9/21/2026 5:09:40 PM ::1 Returned 200 in 166 ms
 HTTP  9/21/2026 5:09:40 PM ::1 GET /about/__next._tree.txt?_rsc=5CB68i4pnAekjehf
 HTTP  9/21/2026 5:09:41 PM ::1 GET /agenda/__next._tree.txt?_rsc=5CB68i4pnAekjehf
 HTTP  9/21/2026 5:09:41 PM ::1 GET /speakers/__next._tree.txt?_rsc=5CB68i4pnAekjehf
 HTTP  9/21/2026 5:09:41 PM ::1 HEAD /posters/
 HTTP  9/21/2026 5:09:40 PM ::1 Returned 200 in 743 ms
 HTTP  9/21/2026 5:09:41 PM ::1 Returned 200 in 590 ms
 HTTP  9/21/2026 5:09:41 PM ::1 Returned 200 in 567 ms
 HTTP  9/21/2026 5:09:41 PM ::1 Returned 200 in 585 ms
 HTTP  9/21/2026 5:09:42 PM ::1 HEAD /sponsors/
 HTTP  9/21/2026 5:09:42 PM ::1 HEAD /registration/
 HTTP  9/21/2026 5:09:42 PM ::1 GET /posters/__next._tree.txt?_rsc=5CB68i4pnAekjehf
 HTTP  9/21/2026 5:09:42 PM ::1 GET /__next.__PAGE__.txt?_rsc=8nTjltbQWvg6NcbE
 HTTP  9/21/2026 5:09:42 PM ::1 Returned 200 in 506 ms
 HTTP  9/21/2026 5:09:42 PM ::1 Returned 200 in 480 ms
 HTTP  9/21/2026 5:09:42 PM ::1 Returned 200 in 424 ms
 HTTP  9/21/2026 5:09:42 PM ::1 Returned 200 in 405 ms
 HTTP  9/21/2026 5:09:43 PM ::1 GET /sponsors/__next._tree.txt?_rsc=5CB68i4pnAekjehf
 HTTP  9/21/2026 5:09:43 PM ::1 GET /registration/__next._tree.txt?_rsc=5CB68i4pnAekjehf
 HTTP  9/21/2026 5:09:43 PM ::1 GET /about/__next.about.__PAGE__.txt?_rsc=hzcUC6YqarYE9pKE
 HTTP  9/21/2026 5:09:43 PM ::1 GET /agenda/__next.agenda.__PAGE__.txt?_rsc=j4kbAtHoDLFX2hk4
 HTTP  9/21/2026 5:09:43 PM ::1 Returned 200 in 487 ms
 HTTP  9/21/2026 5:09:43 PM ::1 Returned 200 in 197 ms
 HTTP  9/21/2026 5:09:43 PM ::1 Returned 404 in 113 ms
 HTTP  9/21/2026 5:09:43 PM ::1 Returned 404 in 171 ms
 HTTP  9/21/2026 5:09:43 PM ::1 GET /speakers/__next.speakers.__PAGE__.txt?_rsc=22PMAocxR9F6V8R5
 HTTP  9/21/2026 5:09:43 PM ::1 GET /posters/__next.posters.__PAGE__.txt?_rsc=44zf1ldL-cmIdsFY
 HTTP  9/21/2026 5:09:43 PM ::1 Returned 404 in 302 ms
 HTTP  9/21/2026 5:09:43 PM ::1 Returned 404 in 324 ms
 HTTP  9/21/2026 5:09:44 PM ::1 GET /sponsors/__next.sponsors.__PAGE__.txt?_rsc=HgMpmY5Ko1RgowCN
 HTTP  9/21/2026 5:09:44 PM ::1 GET /registration/__next.registration.__PAGE__.txt?_rsc=vL_-aE5EF4X0Mpyf
 HTTP  9/21/2026 5:09:44 PM ::1 Returned 404 in 171 ms
 HTTP  9/21/2026 5:09:44 PM ::1 Returned 404 in 150 ms
 HTTP  9/21/2026 5:11:05 PM ::1 GET /
 HTTP  9/21/2026 5:11:05 PM ::1 Returned 200 in 2 ms
 HTTP  9/21/2026 5:11:05 PM ::1 GET /compass-logo.png
 HTTP  9/21/2026 5:11:05 PM ::1 Returned 200 in 3 ms
 HTTP  9/21/2026 5:11:05 PM ::1 GET /_next/static/chunks/24v4i2qmup8bl.css
 HTTP  9/21/2026 5:11:05 PM ::1 Returned 200 in 3 ms
 HTTP  9/21/2026 5:11:05 PM ::1 GET /_next/static/chunks/3s6nzrbk-8mnv.js
 HTTP  9/21/2026 5:11:05 PM ::1 GET /_next/static/chunks/19mx3mg6lkumu.js
 HTTP  9/21/2026 5:11:05 PM ::1 GET /_next/static/chunks/3kmozkq6tgqnz.js
 HTTP  9/21/2026 5:11:05 PM ::1 GET /_next/static/chunks/2l5x-zhm7488_.js
 HTTP  9/21/2026 5:11:05 PM ::1 GET /_next/static/chunks/turbopack-23uo424_7v2rd.js
 HTTP  9/21/2026 5:11:06 PM ::1 GET /_next/static/chunks/3fntmmi971322.js
 HTTP  9/21/2026 5:11:05 PM ::1 Returned 200 in 1000 ms
 HTTP  9/21/2026 5:11:05 PM ::1 Returned 200 in 890 ms
 HTTP  9/21/2026 5:11:05 PM ::1 Returned 200 in 937 ms
 HTTP  9/21/2026 5:11:05 PM ::1 Returned 200 in 925 ms
 HTTP  9/21/2026 5:11:05 PM ::1 Returned 200 in 815 ms
 HTTP  9/21/2026 5:11:06 PM ::1 Returned 200 in 767 ms
 HTTP  9/21/2026 5:11:06 PM ::1 GET /_next/static/media/public-sans-latin-400-normal.0dfhr30pzjgke.woff2
 HTTP  9/21/2026 5:11:06 PM ::1 GET /_next/static/media/source-serif-4-latin-400-normal.2h0g4hvhigxb2.woff2
 HTTP  9/21/2026 5:11:06 PM ::1 GET /_next/static/media/public-sans-latin-600-normal.28kl08ryt2g51.woff2
 HTTP  9/21/2026 5:11:07 PM ::1 GET /_next/static/media/source-serif-4-latin-400-italic.176tdg0wh_pxv.woff2
 HTTP  9/21/2026 5:11:07 PM ::1 GET /_next/static/media/public-sans-latin-800-normal.3yqjxqcq8pbt_.woff2
 HTTP  9/21/2026 5:11:06 PM ::1 Returned 200 in 525 ms
 HTTP  9/21/2026 5:11:06 PM ::1 Returned 200 in 570 ms
 HTTP  9/21/2026 5:11:06 PM ::1 Returned 200 in 675 ms
 HTTP  9/21/2026 5:11:07 PM ::1 Returned 200 in 521 ms
 HTTP  9/21/2026 5:11:07 PM ::1 Returned 200 in 461 ms
 HTTP  9/21/2026 5:11:07 PM ::1 GET /college.jpeg
 HTTP  9/21/2026 5:11:07 PM ::1 Returned 200 in 14 ms
 HTTP  9/21/2026 5:11:07 PM ::1 GET /_next/static/chunks/08h_lnmb0vpih.js
 HTTP  9/21/2026 5:11:07 PM ::1 GET /_next/static/chunks/0goy3ssicgvu7.js
 HTTP  9/21/2026 5:11:07 PM ::1 GET /bsnu-logo.png
 HTTP  9/21/2026 5:11:07 PM ::1 Returned 200 in 138 ms
 HTTP  9/21/2026 5:11:07 PM ::1 Returned 200 in 168 ms
 HTTP  9/21/2026 5:11:08 PM ::1 GET /fms-logo.png
 HTTP  9/21/2026 5:11:07 PM ::1 Returned 200 in 298 ms
 HTTP  9/21/2026 5:11:08 PM ::1 Returned 200 in 9 ms
 HTTP  9/21/2026 5:11:08 PM ::1 GET /tab-compass.png
 HTTP  9/21/2026 5:11:08 PM ::1 Returned 200 in 17 ms
 HTTP  9/21/2026 5:11:08 PM ::1 HEAD /
 HTTP  9/21/2026 5:11:08 PM ::1 HEAD /about/
 HTTP  9/21/2026 5:11:08 PM ::1 HEAD /agenda/
 HTTP  9/21/2026 5:11:08 PM ::1 HEAD /speakers/
 HTTP  9/21/2026 5:11:08 PM ::1 Returned 304 in 11 ms
 HTTP  9/21/2026 5:11:08 PM ::1 Returned 200 in 12 ms
 HTTP  9/21/2026 5:11:08 PM ::1 Returned 200 in 11 ms
 HTTP  9/21/2026 5:11:08 PM ::1 Returned 200 in 9 ms
 HTTP  9/21/2026 5:11:08 PM ::1 GET /__next._tree.txt?_rsc=5CB68i4pnAekjehf
 HTTP  9/21/2026 5:11:08 PM ::1 GET /about/__next._tree.txt?_rsc=5CB68i4pnAekjehf
 HTTP  9/21/2026 5:11:08 PM ::1 GET /agenda/__next._tree.txt?_rsc=5CB68i4pnAekjehf
 HTTP  9/21/2026 5:11:08 PM ::1 GET /speakers/__next._tree.txt?_rsc=5CB68i4pnAekjehf
 HTTP  9/21/2026 5:11:08 PM ::1 Returned 200 in 475 ms
 HTTP  9/21/2026 5:11:08 PM ::1 Returned 200 in 308 ms
 HTTP  9/21/2026 5:11:08 PM ::1 Returned 200 in 326 ms
 HTTP  9/21/2026 5:11:08 PM ::1 Returned 200 in 248 ms
 HTTP  9/21/2026 5:11:09 PM ::1 HEAD /posters/
 HTTP  9/21/2026 5:11:09 PM ::1 HEAD /sponsors/
 HTTP  9/21/2026 5:11:09 PM ::1 HEAD /registration/
 HTTP  9/21/2026 5:11:09 PM ::1 GET /__next.__PAGE__.txt?_rsc=8nTjltbQWvg6NcbE
 HTTP  9/21/2026 5:11:09 PM ::1 Returned 200 in 203 ms
 HTTP  9/21/2026 5:11:09 PM ::1 Returned 200 in 49 ms
 HTTP  9/21/2026 5:11:09 PM ::1 Returned 200 in 7 ms
 HTTP  9/21/2026 5:11:09 PM ::1 Returned 200 in 8 ms
 HTTP  9/21/2026 5:11:09 PM ::1 GET /posters/__next._tree.txt?_rsc=5CB68i4pnAekjehf
 HTTP  9/21/2026 5:11:09 PM ::1 GET /sponsors/__next._tree.txt?_rsc=5CB68i4pnAekjehf
 HTTP  9/21/2026 5:11:09 PM ::1 Returned 200 in 52 ms
 HTTP  9/21/2026 5:11:09 PM ::1 GET /registration/__next._tree.txt?_rsc=5CB68i4pnAekjehf
 HTTP  9/21/2026 5:11:09 PM ::1 Returned 200 in 182 ms
 HTTP  9/21/2026 5:11:09 PM ::1 Returned 200 in 4 ms
 HTTP  9/21/2026 5:11:09 PM ::1 GET /about/__next.about.__PAGE__.txt?_rsc=hzcUC6YqarYE9pKE
 HTTP  9/21/2026 5:11:09 PM ::1 GET /agenda/__next.agenda.__PAGE__.txt?_rsc=j4kbAtHoDLFX2hk4
 HTTP  9/21/2026 5:11:09 PM ::1 Returned 404 in 12 ms
 HTTP  9/21/2026 5:11:09 PM ::1 GET /speakers/__next.speakers.__PAGE__.txt?_rsc=22PMAocxR9F6V8R5
 HTTP  9/21/2026 5:11:09 PM ::1 GET /posters/__next.posters.__PAGE__.txt?_rsc=44zf1ldL-cmIdsFY
 HTTP  9/21/2026 5:11:09 PM ::1 Returned 404 in 13 ms
 HTTP  9/21/2026 5:11:09 PM ::1 Returned 404 in 13 ms
 HTTP  9/21/2026 5:11:09 PM ::1 Returned 404 in 130 ms
 HTTP  9/21/2026 5:11:09 PM ::1 GET /sponsors/__next.sponsors.__PAGE__.txt?_rsc=HgMpmY5Ko1RgowCN
 HTTP  9/21/2026 5:11:09 PM ::1 Returned 404 in 228 ms
 HTTP  9/21/2026 5:11:10 PM ::1 GET /registration/__next.registration.__PAGE__.txt?_rsc=vL_-aE5EF4X0Mpyf
 HTTP  9/21/2026 5:11:10 PM ::1 Returned 404 in 124 ms
 HTTP  9/21/2026 5:11:59 PM ::1 GET /
 HTTP  9/21/2026 5:11:59 PM ::1 Returned 200 in 66 ms
 HTTP  9/21/2026 5:11:59 PM ::1 GET /compass-logo.png
 HTTP  9/21/2026 5:11:59 PM ::1 Returned 200 in 22 ms
 HTTP  9/21/2026 5:11:59 PM ::1 GET /_next/static/chunks/24v4i2qmup8bl.css
 HTTP  9/21/2026 5:11:59 PM ::1 Returned 200 in 4 ms
 HTTP  9/21/2026 5:11:59 PM ::1 GET /_next/static/chunks/3s6nzrbk-8mnv.js
 HTTP  9/21/2026 5:11:59 PM ::1 Returned 200 in 181 ms
 HTTP  9/21/2026 5:11:59 PM ::1 GET /_next/static/chunks/19mx3mg6lkumu.js
 HTTP  9/21/2026 5:11:59 PM ::1 GET /_next/static/chunks/3kmozkq6tgqnz.js
 HTTP  9/21/2026 5:12:00 PM ::1 GET /_next/static/chunks/2l5x-zhm7488_.js
 HTTP  9/21/2026 5:12:00 PM ::1 GET /_next/static/chunks/turbopack-23uo424_7v2rd.js
 HTTP  9/21/2026 5:12:00 PM ::1 GET /_next/static/chunks/3fntmmi971322.js
 HTTP  9/21/2026 5:11:59 PM ::1 Returned 200 in 625 ms
 HTTP  9/21/2026 5:11:59 PM ::1 Returned 200 in 599 ms
 HTTP  9/21/2026 5:12:00 PM ::1 Returned 200 in 649 ms
 HTTP  9/21/2026 5:12:00 PM ::1 Returned 200 in 700 ms
 HTTP  9/21/2026 5:12:00 PM ::1 Returned 200 in 654 ms
 HTTP  9/21/2026 5:12:00 PM ::1 GET /_next/static/media/public-sans-latin-400-normal.0dfhr30pzjgke.woff2
 HTTP  9/21/2026 5:12:01 PM ::1 GET /_next/static/media/source-serif-4-latin-400-normal.2h0g4hvhigxb2.woff2
 HTTP  9/21/2026 5:12:01 PM ::1 GET /_next/static/media/public-sans-latin-600-normal.28kl08ryt2g51.woff2
 HTTP  9/21/2026 5:12:01 PM ::1 GET /_next/static/media/source-serif-4-latin-400-italic.176tdg0wh_pxv.woff2
 HTTP  9/21/2026 5:12:00 PM ::1 Returned 200 in 328 ms
 HTTP  9/21/2026 5:12:01 PM ::1 Returned 200 in 273 ms
 HTTP  9/21/2026 5:12:01 PM ::1 Returned 200 in 281 ms
 HTTP  9/21/2026 5:12:01 PM ::1 Returned 200 in 265 ms
 HTTP  9/21/2026 5:12:01 PM ::1 GET /_next/static/media/public-sans-latin-800-normal.3yqjxqcq8pbt_.woff2
 HTTP  9/21/2026 5:12:01 PM ::1 GET /college.jpeg
 HTTP  9/21/2026 5:12:01 PM ::1 Returned 200 in 142 ms
 HTTP  9/21/2026 5:12:01 PM ::1 GET /_next/static/chunks/08h_lnmb0vpih.js
 HTTP  9/21/2026 5:12:01 PM ::1 GET /_next/static/chunks/0goy3ssicgvu7.js
 HTTP  9/21/2026 5:12:01 PM ::1 GET /bsnu-logo.png
 HTTP  9/21/2026 5:12:01 PM ::1 Returned 200 in 361 ms
 HTTP  9/21/2026 5:12:01 PM ::1 Returned 200 in 266 ms
 HTTP  9/21/2026 5:12:01 PM ::1 Returned 200 in 266 ms
 HTTP  9/21/2026 5:12:01 PM ::1 Returned 200 in 316 ms
 HTTP  9/21/2026 5:12:02 PM ::1 GET /fms-logo.png
 HTTP  9/21/2026 5:12:02 PM ::1 Returned 200 in 201 ms
 HTTP  9/21/2026 5:12:02 PM ::1 GET /tab-compass.png
 HTTP  9/21/2026 5:12:02 PM ::1 Returned 200 in 28 ms
 HTTP  9/21/2026 5:12:02 PM ::1 HEAD /
 HTTP  9/21/2026 5:12:02 PM ::1 HEAD /about/
 HTTP  9/21/2026 5:12:02 PM ::1 HEAD /agenda/
 HTTP  9/21/2026 5:12:02 PM ::1 HEAD /speakers/
 HTTP  9/21/2026 5:12:02 PM ::1 Returned 304 in 11 ms
 HTTP  9/21/2026 5:12:02 PM ::1 Returned 200 in 11 ms
 HTTP  9/21/2026 5:12:02 PM ::1 Returned 200 in 83 ms
 HTTP  9/21/2026 5:12:02 PM ::1 Returned 200 in 191 ms
 HTTP  9/21/2026 5:12:02 PM ::1 GET /__next._tree.txt?_rsc=5CB68i4pnAekjehf
 HTTP  9/21/2026 5:12:02 PM ::1 Returned 200 in 161 ms
 HTTP  9/21/2026 5:12:03 PM ::1 GET /about/__next._tree.txt?_rsc=5CB68i4pnAekjehf
 HTTP  9/21/2026 5:12:03 PM ::1 GET /agenda/__next._tree.txt?_rsc=5CB68i4pnAekjehf
 HTTP  9/21/2026 5:12:03 PM ::1 GET /speakers/__next._tree.txt?_rsc=5CB68i4pnAekjehf
 HTTP  9/21/2026 5:12:03 PM ::1 HEAD /posters/
 HTTP  9/21/2026 5:12:03 PM ::1 Returned 200 in 227 ms
 HTTP  9/21/2026 5:12:03 PM ::1 Returned 200 in 227 ms
 HTTP  9/21/2026 5:12:03 PM ::1 Returned 200 in 332 ms
 HTTP  9/21/2026 5:12:03 PM ::1 Returned 200 in 336 ms
 HTTP  9/21/2026 5:12:03 PM ::1 HEAD /sponsors/
 HTTP  9/21/2026 5:12:03 PM ::1 GET /posters/__next._tree.txt?_rsc=5CB68i4pnAekjehf
 HTTP  9/21/2026 5:12:03 PM ::1 HEAD /registration/
 HTTP  9/21/2026 5:12:03 PM ::1 GET /__next.__PAGE__.txt?_rsc=8nTjltbQWvg6NcbE
 HTTP  9/21/2026 5:12:03 PM ::1 Returned 200 in 213 ms
 HTTP  9/21/2026 5:12:03 PM ::1 Returned 200 in 203 ms
 HTTP  9/21/2026 5:12:03 PM ::1 Returned 200 in 192 ms
 HTTP  9/21/2026 5:12:03 PM ::1 Returned 200 in 239 ms
 HTTP  9/21/2026 5:12:04 PM ::1 GET /sponsors/__next._tree.txt?_rsc=5CB68i4pnAekjehf
 HTTP  9/21/2026 5:12:04 PM ::1 GET /registration/__next._tree.txt?_rsc=5CB68i4pnAekjehf
 HTTP  9/21/2026 5:12:04 PM ::1 GET /about/__next.about.__PAGE__.txt?_rsc=hzcUC6YqarYE9pKE
 HTTP  9/21/2026 5:12:04 PM ::1 GET /agenda/__next.agenda.__PAGE__.txt?_rsc=j4kbAtHoDLFX2hk4
 HTTP  9/21/2026 5:12:04 PM ::1 Returned 200 in 286 ms
 HTTP  9/21/2026 5:12:04 PM ::1 Returned 200 in 293 ms
 HTTP  9/21/2026 5:12:04 PM ::1 Returned 404 in 257 ms
 HTTP  9/21/2026 5:12:04 PM ::1 Returned 404 in 258 ms
 HTTP  9/21/2026 5:12:04 PM ::1 GET /speakers/__next.speakers.__PAGE__.txt?_rsc=22PMAocxR9F6V8R5
 HTTP  9/21/2026 5:12:04 PM ::1 GET /posters/__next.posters.__PAGE__.txt?_rsc=44zf1ldL-cmIdsFY
 HTTP  9/21/2026 5:12:04 PM ::1 Returned 404 in 109 ms
 HTTP  9/21/2026 5:12:04 PM ::1 Returned 404 in 91 ms
 HTTP  9/21/2026 5:12:05 PM ::1 GET /sponsors/__next.sponsors.__PAGE__.txt?_rsc=HgMpmY5Ko1RgowCN
 HTTP  9/21/2026 5:12:05 PM ::1 GET /registration/__next.registration.__PAGE__.txt?_rsc=vL_-aE5EF4X0Mpyf
 HTTP  9/21/2026 5:12:05 PM ::1 Returned 404 in 51 ms
 HTTP  9/21/2026 5:12:05 PM ::1 Returned 404 in 225 ms
 HTTP  9/21/2026 5:29:09 PM ::1 GET /
 HTTP  9/21/2026 5:29:09 PM ::1 Returned 200 in 9 ms
 HTTP  9/21/2026 5:29:09 PM ::1 GET /compass-logo.png
 HTTP  9/21/2026 5:29:09 PM ::1 GET /_next/static/chunks/41u-6wrh3cc1o.css
 HTTP  9/21/2026 5:29:09 PM ::1 Returned 200 in 453 ms
 HTTP  9/21/2026 5:29:09 PM ::1 Returned 200 in 404 ms
 HTTP  9/21/2026 5:29:10 PM ::1 GET /_next/static/chunks/3s6nzrbk-8mnv.js
 HTTP  9/21/2026 5:29:10 PM ::1 Returned 200 in 94 ms
 HTTP  9/21/2026 5:29:10 PM ::1 GET /_next/static/chunks/19mx3mg6lkumu.js
 HTTP  9/21/2026 5:29:10 PM ::1 GET /_next/static/chunks/3kmozkq6tgqnz.js
 HTTP  9/21/2026 5:29:10 PM ::1 GET /_next/static/chunks/2l5x-zhm7488_.js
 HTTP  9/21/2026 5:29:11 PM ::1 GET /_next/static/chunks/turbopack-23uo424_7v2rd.js
 HTTP  9/21/2026 5:29:11 PM ::1 GET /_next/static/chunks/3fntmmi971322.js
 HTTP  9/21/2026 5:29:10 PM ::1 Returned 200 in 998 ms
 HTTP  9/21/2026 5:29:11 PM ::1 GET /_next/static/media/public-sans-latin-400-normal.0dfhr30pzjgke.woff2
 HTTP  9/21/2026 5:29:11 PM ::1 Returned 200 in 762 ms
 HTTP  9/21/2026 5:29:11 PM ::1 Returned 200 in 852 ms
 HTTP  9/21/2026 5:29:10 PM ::1 Returned 200 in 1129 ms
 HTTP  9/21/2026 5:29:10 PM ::1 Returned 200 in 1478 ms
 HTTP  9/21/2026 5:29:11 PM ::1 Returned 200 in 566 ms
 HTTP  9/21/2026 5:29:12 PM ::1 GET /_next/static/media/source-serif-4-latin-400-normal.2h0g4hvhigxb2.woff2
 HTTP  9/21/2026 5:29:12 PM ::1 GET /_next/static/media/public-sans-latin-600-normal.28kl08ryt2g51.woff2
 HTTP  9/21/2026 5:29:12 PM ::1 GET /_next/static/media/source-serif-4-latin-400-italic.176tdg0wh_pxv.woff2
 HTTP  9/21/2026 5:29:12 PM ::1 GET /_next/static/media/public-sans-latin-800-normal.3yqjxqcq8pbt_.woff2
 HTTP  9/21/2026 5:29:12 PM ::1 GET /college.jpeg
 HTTP  9/21/2026 5:29:12 PM ::1 Returned 200 in 96 ms
 HTTP  9/21/2026 5:29:12 PM ::1 Returned 200 in 667 ms
 HTTP  9/21/2026 5:29:13 PM ::1 GET /_next/static/chunks/08h_lnmb0vpih.js
 HTTP  9/21/2026 5:29:12 PM ::1 Returned 200 in 861 ms
 HTTP  9/21/2026 5:29:12 PM ::1 Returned 200 in 700 ms
 HTTP  9/21/2026 5:29:12 PM ::1 Returned 200 in 703 ms
 HTTP  9/21/2026 5:29:13 PM ::1 GET /_next/static/chunks/0goy3ssicgvu7.js
 HTTP  9/21/2026 5:29:13 PM ::1 GET /bsnu-logo.png
 HTTP  9/21/2026 5:29:13 PM ::1 GET /fms-logo.png
 HTTP  9/21/2026 5:29:13 PM ::1 Returned 200 in 877 ms
 HTTP  9/21/2026 5:29:13 PM ::1 Returned 200 in 233 ms
 HTTP  9/21/2026 5:29:13 PM ::1 Returned 200 in 193 ms
 HTTP  9/21/2026 5:29:13 PM ::1 Returned 200 in 624 ms
 HTTP  9/21/2026 5:29:14 PM ::1 GET /tab-compass.png
 HTTP  9/21/2026 5:29:14 PM ::1 Returned 200 in 39 ms
 HTTP  9/21/2026 5:29:14 PM ::1 HEAD /
 HTTP  9/21/2026 5:29:14 PM ::1 HEAD /about/
 HTTP  9/21/2026 5:29:14 PM ::1 HEAD /agenda/
 HTTP  9/21/2026 5:29:14 PM ::1 HEAD /speakers/
 HTTP  9/21/2026 5:29:14 PM ::1 Returned 304 in 425 ms
 HTTP  9/21/2026 5:29:14 PM ::1 GET /__next._tree.txt?_rsc=5CB68i4pnAekjehf
 HTTP  9/21/2026 5:29:14 PM ::1 Returned 200 in 345 ms
 HTTP  9/21/2026 5:29:14 PM ::1 Returned 200 in 566 ms
 HTTP  9/21/2026 5:29:14 PM ::1 Returned 200 in 468 ms
 HTTP  9/21/2026 5:29:14 PM ::1 Returned 200 in 287 ms
 HTTP  9/21/2026 5:29:15 PM ::1 GET /agenda/__next._tree.txt?_rsc=5CB68i4pnAekjehf
 HTTP  9/21/2026 5:29:15 PM ::1 GET /about/__next._tree.txt?_rsc=5CB68i4pnAekjehf
 HTTP  9/21/2026 5:29:15 PM ::1 GET /speakers/__next._tree.txt?_rsc=5CB68i4pnAekjehf
 HTTP  9/21/2026 5:29:15 PM ::1 HEAD /posters/
 HTTP  9/21/2026 5:29:15 PM ::1 Returned 200 in 432 ms
 HTTP  9/21/2026 5:29:15 PM ::1 Returned 200 in 330 ms
 HTTP  9/21/2026 5:29:15 PM ::1 Returned 200 in 521 ms
 HTTP  9/21/2026 5:29:15 PM ::1 Returned 200 in 558 ms
 HTTP  9/21/2026 5:29:16 PM ::1 HEAD /sponsors/
 HTTP  9/21/2026 5:29:16 PM ::1 HEAD /registration/
 HTTP  9/21/2026 5:29:16 PM ::1 GET /__next.__PAGE__.txt?_rsc=8nTjltbQWvg6NcbE
 HTTP  9/21/2026 5:29:16 PM ::1 Returned 200 in 235 ms
 HTTP  9/21/2026 5:29:16 PM ::1 GET /posters/__next._tree.txt?_rsc=5CB68i4pnAekjehf
 HTTP  9/21/2026 5:29:16 PM ::1 Returned 200 in 281 ms
 HTTP  9/21/2026 5:29:16 PM ::1 Returned 200 in 293 ms
 HTTP  9/21/2026 5:29:16 PM ::1 GET /sponsors/__next._tree.txt?_rsc=5CB68i4pnAekjehf
 HTTP  9/21/2026 5:29:16 PM ::1 Returned 200 in 201 ms
 HTTP  9/21/2026 5:29:16 PM ::1 GET /registration/__next._tree.txt?_rsc=5CB68i4pnAekjehf
 HTTP  9/21/2026 5:29:16 PM ::1 GET /about/__next.about.__PAGE__.txt?_rsc=hzcUC6YqarYE9pKE
 HTTP  9/21/2026 5:29:16 PM ::1 Returned 200 in 202 ms
 HTTP  9/21/2026 5:29:16 PM ::1 GET /agenda/__next.agenda.__PAGE__.txt?_rsc=j4kbAtHoDLFX2hk4
 HTTP  9/21/2026 5:29:16 PM ::1 Returned 200 in 194 ms
 HTTP  9/21/2026 5:29:17 PM ::1 GET /speakers/__next.speakers.__PAGE__.txt?_rsc=22PMAocxR9F6V8R5
 HTTP  9/21/2026 5:29:17 PM ::1 GET /posters/__next.posters.__PAGE__.txt?_rsc=44zf1ldL-cmIdsFY
 HTTP  9/21/2026 5:29:16 PM ::1 Returned 404 in 324 ms
 HTTP  9/21/2026 5:29:17 PM ::1 Returned 404 in 284 ms
 HTTP  9/21/2026 5:29:17 PM ::1 Returned 404 in 282 ms
 HTTP  9/21/2026 5:29:16 PM ::1 Returned 404 in 516 ms
 HTTP  9/21/2026 5:29:17 PM ::1 GET /sponsors/__next.sponsors.__PAGE__.txt?_rsc=HgMpmY5Ko1RgowCN
 HTTP  9/21/2026 5:29:17 PM ::1 GET /registration/__next.registration.__PAGE__.txt?_rsc=vL_-aE5EF4X0Mpyf
 HTTP  9/21/2026 5:29:17 PM ::1 Returned 404 in 109 ms
 HTTP  9/21/2026 5:29:17 PM ::1 Returned 404 in 94 ms
 HTTP  9/21/2026 5:29:18 PM ::1 GET /about/
 HTTP  9/21/2026 5:29:18 PM ::1 Returned 200 in 22 ms
 HTTP  9/21/2026 5:29:18 PM ::1 GET /compass-logo.png
 HTTP  9/21/2026 5:29:18 PM ::1 GET /_next/static/chunks/41u-6wrh3cc1o.css
 HTTP  9/21/2026 5:29:18 PM ::1 Returned 304 in 168 ms
 HTTP  9/21/2026 5:29:18 PM ::1 Returned 304 in 107 ms
 HTTP  9/21/2026 5:29:18 PM ::1 GET /_next/static/chunks/3s6nzrbk-8mnv.js
 HTTP  9/21/2026 5:29:18 PM ::1 GET /_next/static/chunks/19mx3mg6lkumu.js
 HTTP  9/21/2026 5:29:18 PM ::1 GET /_next/static/chunks/3kmozkq6tgqnz.js
 HTTP  9/21/2026 5:29:18 PM ::1 GET /_next/static/chunks/2l5x-zhm7488_.js
 HTTP  9/21/2026 5:29:18 PM ::1 GET /_next/static/chunks/turbopack-23uo424_7v2rd.js
 HTTP  9/21/2026 5:29:19 PM ::1 GET /_next/static/chunks/3fntmmi971322.js
 HTTP  9/21/2026 5:29:18 PM ::1 Returned 304 in 292 ms
 HTTP  9/21/2026 5:29:18 PM ::1 Returned 304 in 299 ms
 HTTP  9/21/2026 5:29:18 PM ::1 Returned 304 in 310 ms
 HTTP  9/21/2026 5:29:18 PM ::1 Returned 304 in 300 ms
 HTTP  9/21/2026 5:29:18 PM ::1 Returned 304 in 253 ms
 HTTP  9/21/2026 5:29:19 PM ::1 Returned 304 in 242 ms
 HTTP  9/21/2026 5:29:19 PM ::1 GET /_next/static/chunks/08h_lnmb0vpih.js
 HTTP  9/21/2026 5:29:19 PM ::1 GET /bsnu-logo.png
 HTTP  9/21/2026 5:29:19 PM ::1 GET /fms-logo.png
 HTTP  9/21/2026 5:29:19 PM ::1 GET /mood-digital-logo.png
 HTTP  9/21/2026 5:29:19 PM ::1 Returned 304 in 143 ms
 HTTP  9/21/2026 5:29:19 PM ::1 Returned 304 in 141 ms
 HTTP  9/21/2026 5:29:19 PM ::1 Returned 304 in 157 ms
 HTTP  9/21/2026 5:29:19 PM ::1 HEAD /
 HTTP  9/21/2026 5:29:19 PM ::1 HEAD /about/
 HTTP  9/21/2026 5:29:19 PM ::1 HEAD /agenda/
 HTTP  9/21/2026 5:29:19 PM ::1 HEAD /speakers/
 HTTP  9/21/2026 5:29:19 PM ::1 GET /tab-compass.png
 HTTP  9/21/2026 5:29:19 PM ::1 Returned 304 in 316 ms
 HTTP  9/21/2026 5:29:19 PM ::1 Returned 304 in 322 ms
 HTTP  9/21/2026 5:29:19 PM ::1 Returned 200 in 340 ms
 HTTP  9/21/2026 5:29:19 PM ::1 Returned 200 in 317 ms
 HTTP  9/21/2026 5:29:19 PM ::1 Returned 304 in 362 ms
 HTTP  9/21/2026 5:29:20 PM ::1 GET /__next._tree.txt?_rsc=Sdev7PUlRw12F58X
 HTTP  9/21/2026 5:29:20 PM ::1 GET /about/__next._tree.txt?_rsc=Sdev7PUlRw12F58X
 HTTP  9/21/2026 5:29:20 PM ::1 Returned 200 in 121 ms
 HTTP  9/21/2026 5:29:20 PM ::1 Returned 200 in 117 ms
 HTTP  9/21/2026 5:29:19 PM ::1 Returned 200 in 1075 ms
 HTTP  9/21/2026 5:29:20 PM ::1 GET /agenda/__next._tree.txt?_rsc=Sdev7PUlRw12F58X
 HTTP  9/21/2026 5:29:20 PM ::1 GET /speakers/__next._tree.txt?_rsc=Sdev7PUlRw12F58X
 HTTP  9/21/2026 5:29:20 PM ::1 Returned 200 in 55 ms
 HTTP  9/21/2026 5:29:20 PM ::1 HEAD /posters/
 HTTP  9/21/2026 5:29:20 PM ::1 Returned 200 in 150 ms
 HTTP  9/21/2026 5:29:20 PM ::1 HEAD /sponsors/
 HTTP  9/21/2026 5:29:20 PM ::1 Returned 200 in 147 ms
 HTTP  9/21/2026 5:29:20 PM ::1 Returned 200 in 100 ms
 HTTP  9/21/2026 5:29:20 PM ::1 HEAD /registration/
 HTTP  9/21/2026 5:29:20 PM ::1 GET /__next.__PAGE__.txt?_rsc=IbqYazZHyjXYH_Ld
 HTTP  9/21/2026 5:29:20 PM ::1 Returned 200 in 100 ms
 HTTP  9/21/2026 5:29:20 PM ::1 Returned 200 in 109 ms
 HTTP  9/21/2026 5:29:21 PM ::1 GET /posters/__next._tree.txt?_rsc=Sdev7PUlRw12F58X
 HTTP  9/21/2026 5:29:21 PM ::1 GET /sponsors/__next._tree.txt?_rsc=Sdev7PUlRw12F58X
 HTTP  9/21/2026 5:29:21 PM ::1 Returned 200 in 142 ms
 HTTP  9/21/2026 5:29:21 PM ::1 Returned 200 in 141 ms
 HTTP  9/21/2026 5:29:21 PM ::1 GET /registration/__next._tree.txt?_rsc=Sdev7PUlRw12F58X
 HTTP  9/21/2026 5:29:21 PM ::1 Returned 200 in 41 ms
 HTTP  9/21/2026 5:29:21 PM ::1 GET /about/__next.about.__PAGE__.txt?_rsc=-PmfjtzM0R4ONS4g
 HTTP  9/21/2026 5:29:21 PM ::1 GET /_next/static/chunks/0goy3ssicgvu7.js
 HTTP  9/21/2026 5:29:21 PM ::1 GET /agenda/__next.agenda.__PAGE__.txt?_rsc=_Ax_xXKa1oO7YPCl
 HTTP  9/21/2026 5:29:21 PM ::1 Returned 304 in 116 ms
 HTTP  9/21/2026 5:29:21 PM ::1 GET /speakers/__next.speakers.__PAGE__.txt?_rsc=qWCTo4RgRH8BGAOx
 HTTP  9/21/2026 5:29:21 PM ::1 Returned 404 in 367 ms
 HTTP  9/21/2026 5:29:21 PM ::1 Returned 404 in 340 ms
 HTTP  9/21/2026 5:29:21 PM ::1 Returned 404 in 240 ms
 HTTP  9/21/2026 5:29:21 PM ::1 GET /posters/__next.posters.__PAGE__.txt?_rsc=nbuqA5e5vlI63H5F
 HTTP  9/21/2026 5:29:21 PM ::1 Returned 404 in 53 ms
 HTTP  9/21/2026 5:29:22 PM ::1 GET /sponsors/__next.sponsors.__PAGE__.txt?_rsc=lld4PKbiEXO0PX8z
 HTTP  9/21/2026 5:29:22 PM ::1 GET /registration/__next.registration.__PAGE__.txt?_rsc=-rRYaKJ3OQ7qKqLK
 HTTP  9/21/2026 5:29:22 PM ::1 Returned 404 in 93 ms
 HTTP  9/21/2026 5:29:22 PM ::1 Returned 404 in 108 ms
 HTTP  9/21/2026 5:29:22 PM ::1 GET /agenda/
 HTTP  9/21/2026 5:29:22 PM ::1 Returned 200 in 54 ms
 HTTP  9/21/2026 5:29:23 PM ::1 GET /compass-logo.png
 HTTP  9/21/2026 5:29:23 PM ::1 Returned 304 in 2 ms
 HTTP  9/21/2026 5:29:23 PM ::1 GET /_next/static/chunks/41u-6wrh3cc1o.css
 HTTP  9/21/2026 5:29:23 PM ::1 Returned 304 in 7 ms
 HTTP  9/21/2026 5:29:23 PM ::1 GET /_next/static/chunks/3s6nzrbk-8mnv.js
 HTTP  9/21/2026 5:29:23 PM ::1 GET /_next/static/chunks/19mx3mg6lkumu.js
 HTTP  9/21/2026 5:29:23 PM ::1 Returned 304 in 168 ms
 HTTP  9/21/2026 5:29:23 PM ::1 GET /_next/static/chunks/3kmozkq6tgqnz.js
 HTTP  9/21/2026 5:29:23 PM ::1 GET /_next/static/chunks/2l5x-zhm7488_.js
 HTTP  9/21/2026 5:29:23 PM ::1 GET /_next/static/chunks/turbopack-23uo424_7v2rd.js
 HTTP  9/21/2026 5:29:23 PM ::1 GET /_next/static/chunks/3fntmmi971322.js
 HTTP  9/21/2026 5:29:23 PM ::1 Returned 304 in 80 ms
 HTTP  9/21/2026 5:29:23 PM ::1 Returned 304 in 122 ms
 HTTP  9/21/2026 5:29:23 PM ::1 Returned 304 in 121 ms
 HTTP  9/21/2026 5:29:23 PM ::1 Returned 304 in 119 ms
 HTTP  9/21/2026 5:29:23 PM ::1 GET /bsnu-logo.png
 HTTP  9/21/2026 5:29:23 PM ::1 Returned 304 in 121 ms
 HTTP  9/21/2026 5:29:23 PM ::1 GET /fms-logo.png
 HTTP  9/21/2026 5:29:23 PM ::1 GET /_next/static/chunks/08h_lnmb0vpih.js
 HTTP  9/21/2026 5:29:23 PM ::1 GET /_next/static/chunks/0dqcc91hw--o_.js
 HTTP  9/21/2026 5:29:23 PM ::1 GET /mood-digital-logo.png
 HTTP  9/21/2026 5:29:23 PM ::1 Returned 304 in 17 ms
 HTTP  9/21/2026 5:29:23 PM ::1 Returned 304 in 95 ms
 HTTP  9/21/2026 5:29:23 PM ::1 Returned 304 in 147 ms
 HTTP  9/21/2026 5:29:23 PM ::1 Returned 304 in 144 ms
 HTTP  9/21/2026 5:29:23 PM ::1 Returned 200 in 160 ms
 HTTP  9/21/2026 5:29:23 PM ::1 HEAD /
 HTTP  9/21/2026 5:29:23 PM ::1 HEAD /about/
 HTTP  9/21/2026 5:29:23 PM ::1 HEAD /agenda/
 HTTP  9/21/2026 5:29:23 PM ::1 HEAD /speakers/
 HTTP  9/21/2026 5:29:23 PM ::1 GET /tab-compass.png
 HTTP  9/21/2026 5:29:23 PM ::1 Returned 304 in 28 ms
 HTTP  9/21/2026 5:29:23 PM ::1 Returned 304 in 28 ms
 HTTP  9/21/2026 5:29:23 PM ::1 Returned 304 in 28 ms
 HTTP  9/21/2026 5:29:23 PM ::1 Returned 200 in 24 ms
 HTTP  9/21/2026 5:29:23 PM ::1 Returned 304 in 22 ms
 HTTP  9/21/2026 5:29:23 PM ::1 GET /__next._tree.txt?_rsc=3AOHQTduX8R8iEgP
 HTTP  9/21/2026 5:29:23 PM ::1 GET /about/__next._tree.txt?_rsc=3AOHQTduX8R8iEgP
 HTTP  9/21/2026 5:29:23 PM ::1 GET /agenda/__next._tree.txt?_rsc=3AOHQTduX8R8iEgP
 HTTP  9/21/2026 5:29:23 PM ::1 Returned 200 in 14 ms
 HTTP  9/21/2026 5:29:23 PM ::1 Returned 200 in 14 ms
 HTTP  9/21/2026 5:29:23 PM ::1 Returned 200 in 14 ms
 HTTP  9/21/2026 5:29:23 PM ::1 GET /speakers/__next._tree.txt?_rsc=3AOHQTduX8R8iEgP
 HTTP  9/21/2026 5:29:23 PM ::1 HEAD /posters/
 HTTP  9/21/2026 5:29:23 PM ::1 HEAD /sponsors/
 HTTP  9/21/2026 5:29:23 PM ::1 HEAD /registration/
 HTTP  9/21/2026 5:29:23 PM ::1 Returned 200 in 148 ms
 HTTP  9/21/2026 5:29:23 PM ::1 Returned 200 in 107 ms
 HTTP  9/21/2026 5:29:23 PM ::1 Returned 200 in 105 ms
 HTTP  9/21/2026 5:29:23 PM ::1 Returned 200 in 48 ms
 HTTP  9/21/2026 5:29:23 PM ::1 GET /posters/__next._tree.txt?_rsc=3AOHQTduX8R8iEgP
 HTTP  9/21/2026 5:29:23 PM ::1 GET /sponsors/__next._tree.txt?_rsc=3AOHQTduX8R8iEgP
 HTTP  9/21/2026 5:29:23 PM ::1 GET /registration/__next._tree.txt?_rsc=3AOHQTduX8R8iEgP
 HTTP  9/21/2026 5:29:23 PM ::1 Returned 200 in 96 ms
 HTTP  9/21/2026 5:29:23 PM ::1 Returned 200 in 95 ms
 HTTP  9/21/2026 5:29:23 PM ::1 GET /__next.__PAGE__.txt?_rsc=gitvYGcMqNeYqW0Z
 HTTP  9/21/2026 5:29:23 PM ::1 Returned 200 in 96 ms
 HTTP  9/21/2026 5:29:23 PM ::1 Returned 200 in 4 ms
 HTTP  9/21/2026 5:29:23 PM ::1 GET /about/__next.about.__PAGE__.txt?_rsc=TJj_eEhwDnVVXtjN
 HTTP  9/21/2026 5:29:23 PM ::1 GET /agenda/__next.agenda.__PAGE__.txt?_rsc=iilaDUlvc_OgJKUZ
 HTTP  9/21/2026 5:29:24 PM ::1 GET /speakers/__next.speakers.__PAGE__.txt?_rsc=vXjLSP113jpBe4Wq
 HTTP  9/21/2026 5:29:24 PM ::1 GET /_next/static/chunks/0goy3ssicgvu7.js
 HTTP  9/21/2026 5:29:24 PM ::1 GET /posters/__next.posters.__PAGE__.txt?_rsc=M-FrlSXrmnRbpD5Z
 HTTP  9/21/2026 5:29:24 PM ::1 Returned 304 in 35 ms
 HTTP  9/21/2026 5:29:23 PM ::1 Returned 404 in 247 ms
 HTTP  9/21/2026 5:29:23 PM ::1 Returned 404 in 245 ms
 HTTP  9/21/2026 5:29:24 PM ::1 Returned 404 in 139 ms
 HTTP  9/21/2026 5:29:24 PM ::1 Returned 404 in 14 ms
 HTTP  9/21/2026 5:29:24 PM ::1 GET /sponsors/__next.sponsors.__PAGE__.txt?_rsc=kLXjaveZBvnA6wuW
 HTTP  9/21/2026 5:29:24 PM ::1 GET /registration/__next.registration.__PAGE__.txt?_rsc=OMa_EFGtQhpYslof
 HTTP  9/21/2026 5:29:24 PM ::1 Returned 404 in 193 ms
 HTTP  9/21/2026 5:29:24 PM ::1 Returned 404 in 4 ms
 HTTP  9/21/2026 5:29:25 PM ::1 GET /speakers/
 HTTP  9/21/2026 5:29:25 PM ::1 Returned 200 in 28 ms
 HTTP  9/21/2026 5:29:25 PM ::1 GET /compass-logo.png
 HTTP  9/21/2026 5:29:25 PM ::1 GET /_next/static/chunks/41u-6wrh3cc1o.css
 HTTP  9/21/2026 5:29:25 PM ::1 Returned 304 in 6 ms
 HTTP  9/21/2026 5:29:25 PM ::1 Returned 304 in 4 ms
 HTTP  9/21/2026 5:29:25 PM ::1 GET /_next/static/chunks/3s6nzrbk-8mnv.js
 HTTP  9/21/2026 5:29:25 PM ::1 GET /_next/static/chunks/19mx3mg6lkumu.js
 HTTP  9/21/2026 5:29:25 PM ::1 GET /_next/static/chunks/3kmozkq6tgqnz.js
 HTTP  9/21/2026 5:29:25 PM ::1 GET /_next/static/chunks/2l5x-zhm7488_.js
 HTTP  9/21/2026 5:29:25 PM ::1 GET /_next/static/chunks/turbopack-23uo424_7v2rd.js
 HTTP  9/21/2026 5:29:25 PM ::1 Returned 304 in 19 ms
 HTTP  9/21/2026 5:29:25 PM ::1 Returned 304 in 13 ms
 HTTP  9/21/2026 5:29:25 PM ::1 Returned 304 in 13 ms
 HTTP  9/21/2026 5:29:25 PM ::1 Returned 304 in 13 ms
 HTTP  9/21/2026 5:29:25 PM ::1 GET /_next/static/chunks/3fntmmi971322.js
 HTTP  9/21/2026 5:29:25 PM ::1 Returned 304 in 14 ms
 HTTP  9/21/2026 5:29:25 PM ::1 GET /_next/static/chunks/08h_lnmb0vpih.js
 HTTP  9/21/2026 5:29:25 PM ::1 GET /bsnu-logo.png
 HTTP  9/21/2026 5:29:25 PM ::1 GET /fms-logo.png
 HTTP  9/21/2026 5:29:25 PM ::1 GET /mood-digital-logo.png
 HTTP  9/21/2026 5:29:25 PM ::1 Returned 304 in 17 ms
 HTTP  9/21/2026 5:29:25 PM ::1 Returned 304 in 14 ms
 HTTP  9/21/2026 5:29:25 PM ::1 Returned 304 in 12 ms
 HTTP  9/21/2026 5:29:25 PM ::1 Returned 304 in 11 ms
 HTTP  9/21/2026 5:29:25 PM ::1 Returned 304 in 13 ms
 HTTP  9/21/2026 5:29:25 PM ::1 GET /tab-compass.png
 HTTP  9/21/2026 5:29:25 PM ::1 Returned 304 in 3 ms
 HTTP  9/21/2026 5:29:25 PM ::1 HEAD /
 HTTP  9/21/2026 5:29:25 PM ::1 HEAD /about/
 HTTP  9/21/2026 5:29:25 PM ::1 HEAD /agenda/
 HTTP  9/21/2026 5:29:25 PM ::1 HEAD /speakers/
 HTTP  9/21/2026 5:29:25 PM ::1 Returned 304 in 150 ms
 HTTP  9/21/2026 5:29:25 PM ::1 Returned 304 in 103 ms
 HTTP  9/21/2026 5:29:25 PM ::1 Returned 304 in 104 ms
 HTTP  9/21/2026 5:29:25 PM ::1 Returned 304 in 50 ms
 HTTP  9/21/2026 5:29:25 PM ::1 GET /__next._tree.txt?_rsc=e4kdpJ5IF1QMkzcO
 HTTP  9/21/2026 5:29:25 PM ::1 GET /about/__next._tree.txt?_rsc=e4kdpJ5IF1QMkzcO
 HTTP  9/21/2026 5:29:25 PM ::1 GET /agenda/__next._tree.txt?_rsc=e4kdpJ5IF1QMkzcO
 HTTP  9/21/2026 5:29:25 PM ::1 Returned 200 in 15 ms
 HTTP  9/21/2026 5:29:25 PM ::1 Returned 200 in 6 ms
 HTTP  9/21/2026 5:29:25 PM ::1 GET /speakers/__next._tree.txt?_rsc=e4kdpJ5IF1QMkzcO
 HTTP  9/21/2026 5:29:25 PM ::1 Returned 200 in 10 ms
 HTTP  9/21/2026 5:29:25 PM ::1 Returned 200 in 8 ms
 HTTP  9/21/2026 5:29:25 PM ::1 HEAD /posters/
 HTTP  9/21/2026 5:29:25 PM ::1 Returned 200 in 6 ms
 HTTP  9/21/2026 5:29:25 PM ::1 HEAD /sponsors/
 HTTP  9/21/2026 5:29:25 PM ::1 HEAD /registration/
 HTTP  9/21/2026 5:29:25 PM ::1 Returned 200 in 4 ms
 HTTP  9/21/2026 5:29:25 PM ::1 GET /__next.__PAGE__.txt?_rsc=CWlaD1ba2ROxeg9C
 HTTP  9/21/2026 5:29:25 PM ::1 Returned 200 in 6 ms
 HTTP  9/21/2026 5:29:25 PM ::1 Returned 200 in 7 ms
 HTTP  9/21/2026 5:29:25 PM ::1 GET /posters/__next._tree.txt?_rsc=e4kdpJ5IF1QMkzcO
 HTTP  9/21/2026 5:29:25 PM ::1 GET /sponsors/__next._tree.txt?_rsc=e4kdpJ5IF1QMkzcO
 HTTP  9/21/2026 5:29:25 PM ::1 Returned 200 in 8 ms
 HTTP  9/21/2026 5:29:25 PM ::1 GET /registration/__next._tree.txt?_rsc=e4kdpJ5IF1QMkzcO
 HTTP  9/21/2026 5:29:25 PM ::1 GET /_next/static/chunks/0goy3ssicgvu7.js
 HTTP  9/21/2026 5:29:25 PM ::1 Returned 200 in 11 ms
 HTTP  9/21/2026 5:29:25 PM ::1 Returned 200 in 6 ms
 HTTP  9/21/2026 5:29:25 PM ::1 GET /about/__next.about.__PAGE__.txt?_rsc=Xh89iPsh_qzCeUaX
 HTTP  9/21/2026 5:29:25 PM ::1 Returned 304 in 7 ms
 HTTP  9/21/2026 5:29:25 PM ::1 Returned 404 in 10 ms
 HTTP  9/21/2026 5:29:25 PM ::1 GET /agenda/__next.agenda.__PAGE__.txt?_rsc=VnyLuDlmOr2wE4iL
 HTTP  9/21/2026 5:29:25 PM ::1 GET /speakers/__next.speakers.__PAGE__.txt?_rsc=c7QYQroZJluepMYw
 HTTP  9/21/2026 5:29:25 PM ::1 Returned 404 in 6 ms
 HTTP  9/21/2026 5:29:25 PM ::1 GET /posters/__next.posters.__PAGE__.txt?_rsc=M0LowVq7hIPkNqnd
 HTTP  9/21/2026 5:29:25 PM ::1 GET /sponsors/__next.sponsors.__PAGE__.txt?_rsc=_SZxSSvWls7Ek8Ao
 HTTP  9/21/2026 5:29:25 PM ::1 Returned 404 in 17 ms
 HTTP  9/21/2026 5:29:25 PM ::1 Returned 404 in 5 ms
 HTTP  9/21/2026 5:29:25 PM ::1 Returned 404 in 10 ms
 HTTP  9/21/2026 5:29:25 PM ::1 GET /registration/__next.registration.__PAGE__.txt?_rsc=guTl75zPmQk_sQVO
 HTTP  9/21/2026 5:29:25 PM ::1 Returned 404 in 4 ms
 HTTP  9/21/2026 5:29:26 PM ::1 GET /posters/
 HTTP  9/21/2026 5:29:26 PM ::1 Returned 200 in 2 ms
 HTTP  9/21/2026 5:29:26 PM ::1 GET /compass-logo.png
 HTTP  9/21/2026 5:29:26 PM ::1 GET /_next/static/chunks/41u-6wrh3cc1o.css
 HTTP  9/21/2026 5:29:26 PM ::1 Returned 304 in 29 ms
 HTTP  9/21/2026 5:29:26 PM ::1 Returned 304 in 13 ms
 HTTP  9/21/2026 5:29:26 PM ::1 GET /_next/static/chunks/3s6nzrbk-8mnv.js
 HTTP  9/21/2026 5:29:26 PM ::1 GET /_next/static/chunks/19mx3mg6lkumu.js
 HTTP  9/21/2026 5:29:26 PM ::1 GET /_next/static/chunks/3kmozkq6tgqnz.js
 HTTP  9/21/2026 5:29:26 PM ::1 GET /_next/static/chunks/2l5x-zhm7488_.js
 HTTP  9/21/2026 5:29:26 PM ::1 GET /_next/static/chunks/turbopack-23uo424_7v2rd.js
 HTTP  9/21/2026 5:29:26 PM ::1 Returned 304 in 12 ms
 HTTP  9/21/2026 5:29:26 PM ::1 Returned 304 in 12 ms
 HTTP  9/21/2026 5:29:26 PM ::1 Returned 304 in 10 ms
 HTTP  9/21/2026 5:29:26 PM ::1 Returned 304 in 10 ms
 HTTP  9/21/2026 5:29:26 PM ::1 GET /_next/static/chunks/3fntmmi971322.js
 HTTP  9/21/2026 5:29:26 PM ::1 Returned 304 in 14 ms
 HTTP  9/21/2026 5:29:26 PM ::1 GET /_next/static/chunks/08h_lnmb0vpih.js
 HTTP  9/21/2026 5:29:26 PM ::1 GET /bsnu-logo.png
 HTTP  9/21/2026 5:29:26 PM ::1 GET /fms-logo.png
 HTTP  9/21/2026 5:29:26 PM ::1 GET /mood-digital-logo.png
 HTTP  9/21/2026 5:29:26 PM ::1 Returned 304 in 17 ms
 HTTP  9/21/2026 5:29:26 PM ::1 Returned 304 in 17 ms
 HTTP  9/21/2026 5:29:26 PM ::1 Returned 304 in 14 ms
 HTTP  9/21/2026 5:29:26 PM ::1 Returned 304 in 14 ms
 HTTP  9/21/2026 5:29:26 PM ::1 Returned 304 in 14 ms
 HTTP  9/21/2026 5:29:26 PM ::1 GET /tab-compass.png
 HTTP  9/21/2026 5:29:26 PM ::1 Returned 304 in 8 ms
 HTTP  9/21/2026 5:29:26 PM ::1 HEAD /
 HTTP  9/21/2026 5:29:26 PM ::1 HEAD /about/
 HTTP  9/21/2026 5:29:26 PM ::1 HEAD /agenda/
 HTTP  9/21/2026 5:29:26 PM ::1 HEAD /speakers/
 HTTP  9/21/2026 5:29:26 PM ::1 Returned 304 in 10 ms
 HTTP  9/21/2026 5:29:26 PM ::1 Returned 304 in 8 ms
 HTTP  9/21/2026 5:29:26 PM ::1 Returned 304 in 8 ms
 HTTP  9/21/2026 5:29:26 PM ::1 Returned 304 in 9 ms
 HTTP  9/21/2026 5:29:26 PM ::1 GET /__next._tree.txt?_rsc=rO-w20fdJrTTjPH3
 HTTP  9/21/2026 5:29:26 PM ::1 GET /about/__next._tree.txt?_rsc=rO-w20fdJrTTjPH3
 HTTP  9/21/2026 5:29:26 PM ::1 Returned 200 in 4 ms
 HTTP  9/21/2026 5:29:26 PM ::1 GET /agenda/__next._tree.txt?_rsc=rO-w20fdJrTTjPH3
 HTTP  9/21/2026 5:29:26 PM ::1 Returned 200 in 8 ms
 HTTP  9/21/2026 5:29:26 PM ::1 GET /speakers/__next._tree.txt?_rsc=rO-w20fdJrTTjPH3
 HTTP  9/21/2026 5:29:26 PM ::1 Returned 200 in 7 ms
 HTTP  9/21/2026 5:29:26 PM ::1 Returned 200 in 6 ms
 HTTP  9/21/2026 5:29:26 PM ::1 HEAD /posters/
 HTTP  9/21/2026 5:29:26 PM ::1 Returned 304 in 2 ms
 HTTP  9/21/2026 5:29:26 PM ::1 HEAD /sponsors/
 HTTP  9/21/2026 5:29:26 PM ::1 HEAD /registration/
 HTTP  9/21/2026 5:29:26 PM ::1 Returned 200 in 10 ms
 HTTP  9/21/2026 5:29:26 PM ::1 GET /__next.__PAGE__.txt?_rsc=le3LEAwq4TeE5Il6
 HTTP  9/21/2026 5:29:26 PM ::1 GET /posters/__next._tree.txt?_rsc=rO-w20fdJrTTjPH3
 HTTP  9/21/2026 5:29:26 PM ::1 Returned 200 in 13 ms
 HTTP  9/21/2026 5:29:26 PM ::1 Returned 200 in 5 ms
 HTTP  9/21/2026 5:29:26 PM ::1 Returned 200 in 5 ms
 HTTP  9/21/2026 5:29:26 PM ::1 GET /sponsors/__next._tree.txt?_rsc=rO-w20fdJrTTjPH3
 HTTP  9/21/2026 5:29:26 PM ::1 GET /registration/__next._tree.txt?_rsc=rO-w20fdJrTTjPH3
 HTTP  9/21/2026 5:29:26 PM ::1 Returned 200 in 5 ms
 HTTP  9/21/2026 5:29:26 PM ::1 Returned 200 in 6 ms
 HTTP  9/21/2026 5:29:26 PM ::1 GET /about/__next.about.__PAGE__.txt?_rsc=4EF2cWdcE2PRZ5Lv
 HTTP  9/21/2026 5:29:26 PM ::1 GET /_next/static/chunks/0goy3ssicgvu7.js
 HTTP  9/21/2026 5:29:26 PM ::1 GET /agenda/__next.agenda.__PAGE__.txt?_rsc=pn_12DtL2YqCBNxo
 HTTP  9/21/2026 5:29:26 PM ::1 Returned 304 in 5 ms
 HTTP  9/21/2026 5:29:26 PM ::1 Returned 404 in 7 ms
 HTTP  9/21/2026 5:29:26 PM ::1 Returned 404 in 13 ms
 HTTP  9/21/2026 5:29:26 PM ::1 GET /speakers/__next.speakers.__PAGE__.txt?_rsc=alGJwoAKTwJvpyJ8
 HTTP  9/21/2026 5:29:26 PM ::1 GET /posters/__next.posters.__PAGE__.txt?_rsc=cyehLnH36zhVX5B5
 HTTP  9/21/2026 5:29:26 PM ::1 Returned 404 in 9 ms
 HTTP  9/21/2026 5:29:26 PM ::1 Returned 404 in 6 ms
 HTTP  9/21/2026 5:29:26 PM ::1 GET /sponsors/__next.sponsors.__PAGE__.txt?_rsc=6FOCAbEDwoqEoTgj
 HTTP  9/21/2026 5:29:26 PM ::1 GET /registration/__next.registration.__PAGE__.txt?_rsc=azHHycKGrQuBv8em
 HTTP  9/21/2026 5:29:26 PM ::1 Returned 404 in 8 ms
 HTTP  9/21/2026 5:29:26 PM ::1 Returned 404 in 5 ms
 HTTP  9/21/2026 5:29:27 PM ::1 GET /sponsors/
 HTTP  9/21/2026 5:29:27 PM ::1 Returned 200 in 3 ms
 HTTP  9/21/2026 5:29:27 PM ::1 GET /compass-logo.png
 HTTP  9/21/2026 5:29:27 PM ::1 GET /_next/static/chunks/41u-6wrh3cc1o.css
 HTTP  9/21/2026 5:29:27 PM ::1 Returned 304 in 5 ms
 HTTP  9/21/2026 5:29:27 PM ::1 Returned 304 in 4 ms
 HTTP  9/21/2026 5:29:27 PM ::1 GET /_next/static/chunks/3s6nzrbk-8mnv.js
 HTTP  9/21/2026 5:29:27 PM ::1 GET /_next/static/chunks/19mx3mg6lkumu.js
 HTTP  9/21/2026 5:29:27 PM ::1 GET /_next/static/chunks/3kmozkq6tgqnz.js
 HTTP  9/21/2026 5:29:27 PM ::1 GET /_next/static/chunks/2l5x-zhm7488_.js
 HTTP  9/21/2026 5:29:27 PM ::1 GET /_next/static/chunks/turbopack-23uo424_7v2rd.js
 HTTP  9/21/2026 5:29:27 PM ::1 GET /_next/static/chunks/3fntmmi971322.js
 HTTP  9/21/2026 5:29:27 PM ::1 Returned 304 in 17 ms
 HTTP  9/21/2026 5:29:27 PM ::1 Returned 304 in 19 ms
 HTTP  9/21/2026 5:29:27 PM ::1 Returned 304 in 19 ms
 HTTP  9/21/2026 5:29:27 PM ::1 Returned 304 in 18 ms
 HTTP  9/21/2026 5:29:27 PM ::1 Returned 304 in 18 ms
 HTTP  9/21/2026 5:29:27 PM ::1 GET /_next/static/chunks/08h_lnmb0vpih.js
 HTTP  9/21/2026 5:29:27 PM ::1 Returned 304 in 20 ms
 HTTP  9/21/2026 5:29:27 PM ::1 GET /bsnu-logo.png
 HTTP  9/21/2026 5:29:27 PM ::1 GET /fms-logo.png
 HTTP  9/21/2026 5:29:27 PM ::1 GET /mood-digital-logo.png
 HTTP  9/21/2026 5:29:27 PM ::1 Returned 304 in 11 ms
 HTTP  9/21/2026 5:29:27 PM ::1 Returned 304 in 8 ms
 HTTP  9/21/2026 5:29:27 PM ::1 Returned 304 in 8 ms
 HTTP  9/21/2026 5:29:27 PM ::1 Returned 304 in 11 ms
 HTTP  9/21/2026 5:29:27 PM ::1 GET /tab-compass.png
 HTTP  9/21/2026 5:29:27 PM ::1 Returned 304 in 2 ms
 HTTP  9/21/2026 5:29:27 PM ::1 HEAD /
 HTTP  9/21/2026 5:29:27 PM ::1 HEAD /about/
 HTTP  9/21/2026 5:29:27 PM ::1 HEAD /agenda/
 HTTP  9/21/2026 5:29:27 PM ::1 HEAD /speakers/
 HTTP  9/21/2026 5:29:27 PM ::1 Returned 304 in 9 ms
 HTTP  9/21/2026 5:29:27 PM ::1 Returned 304 in 10 ms
 HTTP  9/21/2026 5:29:27 PM ::1 Returned 304 in 13 ms
 HTTP  9/21/2026 5:29:27 PM ::1 Returned 304 in 13 ms
 HTTP  9/21/2026 5:29:27 PM ::1 GET /__next._tree.txt?_rsc=5Hsx665_Zd3nP6up
 HTTP  9/21/2026 5:29:27 PM ::1 GET /about/__next._tree.txt?_rsc=5Hsx665_Zd3nP6up
 HTTP  9/21/2026 5:29:27 PM ::1 GET /agenda/__next._tree.txt?_rsc=5Hsx665_Zd3nP6up
 HTTP  9/21/2026 5:29:27 PM ::1 Returned 200 in 9 ms
 HTTP  9/21/2026 5:29:27 PM ::1 Returned 200 in 7 ms
 HTTP  9/21/2026 5:29:27 PM ::1 GET /speakers/__next._tree.txt?_rsc=5Hsx665_Zd3nP6up
 HTTP  9/21/2026 5:29:27 PM ::1 Returned 200 in 7 ms
 HTTP  9/21/2026 5:29:27 PM ::1 Returned 200 in 4 ms
 HTTP  9/21/2026 5:29:27 PM ::1 HEAD /posters/
 HTTP  9/21/2026 5:29:27 PM ::1 HEAD /sponsors/
 HTTP  9/21/2026 5:29:27 PM ::1 HEAD /registration/
 HTTP  9/21/2026 5:29:27 PM ::1 Returned 304 in 13 ms
 HTTP  9/21/2026 5:29:27 PM ::1 Returned 304 in 12 ms
 HTTP  9/21/2026 5:29:27 PM ::1 GET /__next.__PAGE__.txt?_rsc=UNXMabkq54duWn_Z
 HTTP  9/21/2026 5:29:27 PM ::1 Returned 200 in 9 ms
 HTTP  9/21/2026 5:29:27 PM ::1 GET /posters/__next._tree.txt?_rsc=5Hsx665_Zd3nP6up
 HTTP  9/21/2026 5:29:27 PM ::1 GET /sponsors/__next._tree.txt?_rsc=5Hsx665_Zd3nP6up
 HTTP  9/21/2026 5:29:27 PM ::1 Returned 200 in 12 ms
 HTTP  9/21/2026 5:29:27 PM ::1 Returned 200 in 10 ms
 HTTP  9/21/2026 5:29:27 PM ::1 Returned 200 in 8 ms
 HTTP  9/21/2026 5:29:27 PM ::1 GET /registration/__next._tree.txt?_rsc=5Hsx665_Zd3nP6up
 HTTP  9/21/2026 5:29:27 PM ::1 Returned 200 in 3 ms
 HTTP  9/21/2026 5:29:27 PM ::1 GET /about/__next.about.__PAGE__.txt?_rsc=Q0sPScNWJbUyklN9
 HTTP  9/21/2026 5:29:27 PM ::1 GET /agenda/__next.agenda.__PAGE__.txt?_rsc=yhW_bGp0iaPcpnOs
 HTTP  9/21/2026 5:29:27 PM ::1 GET /_next/static/chunks/0goy3ssicgvu7.js
 HTTP  9/21/2026 5:29:27 PM ::1 GET /speakers/__next.speakers.__PAGE__.txt?_rsc=n-PVTz7miw9tM5z9
 HTTP  9/21/2026 5:29:27 PM ::1 Returned 304 in 6 ms
 HTTP  9/21/2026 5:29:27 PM ::1 GET /posters/__next.posters.__PAGE__.txt?_rsc=I6QGC3gvWZW2BCpT
 HTTP  9/21/2026 5:29:27 PM ::1 Returned 404 in 24 ms
 HTTP  9/21/2026 5:29:27 PM ::1 Returned 404 in 21 ms
 HTTP  9/21/2026 5:29:27 PM ::1 Returned 404 in 17 ms
 HTTP  9/21/2026 5:29:27 PM ::1 Returned 404 in 10 ms
 HTTP  9/21/2026 5:29:27 PM ::1 GET /sponsors/__next.sponsors.__PAGE__.txt?_rsc=UnF_RCeMLdRf-D9m
 HTTP  9/21/2026 5:29:27 PM ::1 GET /registration/__next.registration.__PAGE__.txt?_rsc=PHsceAyB7joiCuHV
 HTTP  9/21/2026 5:29:27 PM ::1 Returned 404 in 7 ms
 HTTP  9/21/2026 5:29:27 PM ::1 Returned 404 in 8 ms
 HTTP  9/21/2026 5:29:28 PM ::1 GET /registration/
 HTTP  9/21/2026 5:29:28 PM ::1 Returned 200 in 3 ms
 HTTP  9/21/2026 5:29:28 PM ::1 GET /compass-logo.png
 HTTP  9/21/2026 5:29:28 PM ::1 GET /_next/static/chunks/41u-6wrh3cc1o.css
 HTTP  9/21/2026 5:29:28 PM ::1 Returned 304 in 8 ms
 HTTP  9/21/2026 5:29:28 PM ::1 Returned 304 in 11 ms
 HTTP  9/21/2026 5:29:28 PM ::1 GET /_next/static/chunks/3s6nzrbk-8mnv.js
 HTTP  9/21/2026 5:29:28 PM ::1 GET /_next/static/chunks/19mx3mg6lkumu.js
 HTTP  9/21/2026 5:29:28 PM ::1 Returned 304 in 6 ms
 HTTP  9/21/2026 5:29:28 PM ::1 Returned 304 in 17 ms
 HTTP  9/21/2026 5:29:28 PM ::1 GET /_next/static/chunks/3kmozkq6tgqnz.js
 HTTP  9/21/2026 5:29:28 PM ::1 GET /_next/static/chunks/2l5x-zhm7488_.js
 HTTP  9/21/2026 5:29:28 PM ::1 GET /_next/static/chunks/turbopack-23uo424_7v2rd.js
 HTTP  9/21/2026 5:29:28 PM ::1 GET /_next/static/chunks/3fntmmi971322.js
 HTTP  9/21/2026 5:29:28 PM ::1 GET /_next/static/chunks/08h_lnmb0vpih.js
 HTTP  9/21/2026 5:29:28 PM ::1 GET /bsnu-logo.png
 HTTP  9/21/2026 5:29:28 PM ::1 Returned 304 in 9 ms
 HTTP  9/21/2026 5:29:28 PM ::1 Returned 304 in 9 ms
 HTTP  9/21/2026 5:29:28 PM ::1 Returned 304 in 12 ms
 HTTP  9/21/2026 5:29:28 PM ::1 Returned 304 in 14 ms
 HTTP  9/21/2026 5:29:28 PM ::1 Returned 304 in 16 ms
 HTTP  9/21/2026 5:29:28 PM ::1 Returned 304 in 16 ms
 HTTP  9/21/2026 5:29:28 PM ::1 GET /fms-logo.png
 HTTP  9/21/2026 5:29:28 PM ::1 GET /mood-digital-logo.png
 HTTP  9/21/2026 5:29:28 PM ::1 Returned 304 in 3 ms
 HTTP  9/21/2026 5:29:28 PM ::1 Returned 304 in 11 ms
 HTTP  9/21/2026 5:29:28 PM ::1 GET /tab-compass.png
 HTTP  9/21/2026 5:29:28 PM ::1 HEAD /
 HTTP  9/21/2026 5:29:28 PM ::1 Returned 304 in 13 ms
 HTTP  9/21/2026 5:29:28 PM ::1 HEAD /about/
 HTTP  9/21/2026 5:29:28 PM ::1 HEAD /agenda/
 HTTP  9/21/2026 5:29:28 PM ::1 HEAD /speakers/
 HTTP  9/21/2026 5:29:28 PM ::1 Returned 304 in 14 ms
 HTTP  9/21/2026 5:29:28 PM ::1 Returned 304 in 10 ms
 HTTP  9/21/2026 5:29:28 PM ::1 Returned 304 in 12 ms
 HTTP  9/21/2026 5:29:28 PM ::1 Returned 304 in 10 ms
 HTTP  9/21/2026 5:29:28 PM ::1 GET /__next._tree.txt?_rsc=2uxn3OduiNuvtl8f
 HTTP  9/21/2026 5:29:28 PM ::1 GET /about/__next._tree.txt?_rsc=2uxn3OduiNuvtl8f
 HTTP  9/21/2026 5:29:28 PM ::1 GET /agenda/__next._tree.txt?_rsc=2uxn3OduiNuvtl8f
 HTTP  9/21/2026 5:29:28 PM ::1 Returned 200 in 10 ms
 HTTP  9/21/2026 5:29:28 PM ::1 GET /speakers/__next._tree.txt?_rsc=2uxn3OduiNuvtl8f
 HTTP  9/21/2026 5:29:28 PM ::1 Returned 200 in 10 ms
 HTTP  9/21/2026 5:29:28 PM ::1 Returned 200 in 10 ms
 HTTP  9/21/2026 5:29:28 PM ::1 Returned 200 in 5 ms
 HTTP  9/21/2026 5:29:28 PM ::1 HEAD /posters/
 HTTP  9/21/2026 5:29:28 PM ::1 Returned 304 in 3 ms
 HTTP  9/21/2026 5:29:28 PM ::1 HEAD /sponsors/
 HTTP  9/21/2026 5:29:28 PM ::1 HEAD /registration/
 HTTP  9/21/2026 5:29:28 PM ::1 Returned 304 in 10 ms
 HTTP  9/21/2026 5:29:28 PM ::1 GET /__next.__PAGE__.txt?_rsc=wNd0b049GW_EH6YP
 HTTP  9/21/2026 5:29:28 PM ::1 GET /posters/__next._tree.txt?_rsc=2uxn3OduiNuvtl8f
 HTTP  9/21/2026 5:29:28 PM ::1 Returned 304 in 14 ms
 HTTP  9/21/2026 5:29:28 PM ::1 Returned 200 in 7 ms
 HTTP  9/21/2026 5:29:28 PM ::1 Returned 200 in 6 ms
 HTTP  9/21/2026 5:29:28 PM ::1 GET /sponsors/__next._tree.txt?_rsc=2uxn3OduiNuvtl8f
 HTTP  9/21/2026 5:29:28 PM ::1 GET /registration/__next._tree.txt?_rsc=2uxn3OduiNuvtl8f
 HTTP  9/21/2026 5:29:28 PM ::1 Returned 200 in 5 ms
 HTTP  9/21/2026 5:29:28 PM ::1 Returned 200 in 4 ms
 HTTP  9/21/2026 5:29:28 PM ::1 GET /about/__next.about.__PAGE__.txt?_rsc=CpwA5LPPeig9clRn
 HTTP  9/21/2026 5:29:28 PM ::1 Returned 404 in 5 ms
 HTTP  9/21/2026 5:29:28 PM ::1 GET /_next/static/chunks/0goy3ssicgvu7.js
 HTTP  9/21/2026 5:29:28 PM ::1 Returned 304 in 3 ms
 HTTP  9/21/2026 5:29:28 PM ::1 GET /agenda/__next.agenda.__PAGE__.txt?_rsc=R9GZrxKmDsYVcjIp
 HTTP  9/21/2026 5:29:28 PM ::1 GET /speakers/__next.speakers.__PAGE__.txt?_rsc=X4IGuTCE0V2PHz0L
 HTTP  9/21/2026 5:29:28 PM ::1 GET /posters/__next.posters.__PAGE__.txt?_rsc=Erk4n0i1HyWHI90u
 HTTP  9/21/2026 5:29:28 PM ::1 GET /sponsors/__next.sponsors.__PAGE__.txt?_rsc=1O83TWSNua2mZMnu
 HTTP  9/21/2026 5:29:28 PM ::1 Returned 404 in 15 ms
 HTTP  9/21/2026 5:29:28 PM ::1 Returned 404 in 14 ms
 HTTP  9/21/2026 5:29:28 PM ::1 Returned 404 in 15 ms
 HTTP  9/21/2026 5:29:28 PM ::1 Returned 404 in 14 ms
 HTTP  9/21/2026 5:29:28 PM ::1 GET /registration/__next.registration.__PAGE__.txt?_rsc=0f6s_Lu3-dSoywMR
 HTTP  9/21/2026 5:29:28 PM ::1 Returned 404 in 7 ms
 HTTP  9/21/2026 5:29:30 PM ::1 GET /
 HTTP  9/21/2026 5:29:30 PM ::1 Returned 200 in 2 ms
 HTTP  9/21/2026 5:29:30 PM ::1 GET /compass-logo.png
 HTTP  9/21/2026 5:29:30 PM ::1 Returned 200 in 9 ms
 HTTP  9/21/2026 5:29:30 PM ::1 GET /_next/static/chunks/41u-6wrh3cc1o.css
 HTTP  9/21/2026 5:29:30 PM ::1 Returned 200 in 3 ms
 HTTP  9/21/2026 5:29:30 PM ::1 GET /_next/static/chunks/3s6nzrbk-8mnv.js
 HTTP  9/21/2026 5:29:30 PM ::1 Returned 200 in 4 ms
 HTTP  9/21/2026 5:29:30 PM ::1 GET /_next/static/chunks/19mx3mg6lkumu.js
 HTTP  9/21/2026 5:29:30 PM ::1 Returned 200 in 3 ms
 HTTP  9/21/2026 5:29:30 PM ::1 GET /_next/static/chunks/3kmozkq6tgqnz.js
 HTTP  9/21/2026 5:29:30 PM ::1 GET /_next/static/chunks/2l5x-zhm7488_.js
 HTTP  9/21/2026 5:29:30 PM ::1 GET /_next/static/chunks/turbopack-23uo424_7v2rd.js
 HTTP  9/21/2026 5:29:30 PM ::1 Returned 200 in 11 ms
 HTTP  9/21/2026 5:29:30 PM ::1 Returned 200 in 7 ms
 HTTP  9/21/2026 5:29:30 PM ::1 GET /_next/static/chunks/3fntmmi971322.js
 HTTP  9/21/2026 5:29:30 PM ::1 Returned 200 in 8 ms
 HTTP  9/21/2026 5:29:30 PM ::1 GET /_next/static/chunks/08h_lnmb0vpih.js
 HTTP  9/21/2026 5:29:30 PM ::1 Returned 200 in 8 ms
 HTTP  9/21/2026 5:29:30 PM ::1 Returned 200 in 6 ms
 HTTP  9/21/2026 5:29:30 PM ::1 GET /_next/static/chunks/0goy3ssicgvu7.js
 HTTP  9/21/2026 5:29:30 PM ::1 Returned 200 in 2 ms
 HTTP  9/21/2026 5:29:30 PM ::1 GET /college.jpeg
 HTTP  9/21/2026 5:29:30 PM ::1 Returned 200 in 5 ms
 HTTP  9/21/2026 5:29:30 PM ::1 GET /_next/static/media/public-sans-latin-400-normal.0dfhr30pzjgke.woff2
 HTTP  9/21/2026 5:29:30 PM ::1 GET /_next/static/media/source-serif-4-latin-400-normal.2h0g4hvhigxb2.woff2
 HTTP  9/21/2026 5:29:30 PM ::1 GET /_next/static/media/public-sans-latin-600-normal.28kl08ryt2g51.woff2
 HTTP  9/21/2026 5:29:30 PM ::1 GET /_next/static/media/source-serif-4-latin-400-italic.176tdg0wh_pxv.woff2
 HTTP  9/21/2026 5:29:30 PM ::1 GET /_next/static/media/public-sans-latin-800-normal.3yqjxqcq8pbt_.woff2
 HTTP  9/21/2026 5:29:30 PM ::1 Returned 200 in 16 ms
 HTTP  9/21/2026 5:29:30 PM ::1 Returned 200 in 16 ms
 HTTP  9/21/2026 5:29:30 PM ::1 Returned 200 in 13 ms
 HTTP  9/21/2026 5:29:30 PM ::1 Returned 200 in 15 ms
 HTTP  9/21/2026 5:29:30 PM ::1 Returned 200 in 15 ms
 HTTP  9/21/2026 5:29:30 PM ::1 GET /tab-compass.png
 HTTP  9/21/2026 5:29:30 PM ::1 Returned 200 in 3 ms
 HTTP  9/21/2026 5:29:30 PM ::1 HEAD /
 HTTP  9/21/2026 5:29:30 PM ::1 HEAD /about/
 HTTP  9/21/2026 5:29:30 PM ::1 HEAD /agenda/
 HTTP  9/21/2026 5:29:30 PM ::1 HEAD /speakers/
 HTTP  9/21/2026 5:29:30 PM ::1 Returned 304 in 12 ms
 HTTP  9/21/2026 5:29:30 PM ::1 Returned 200 in 12 ms
 HTTP  9/21/2026 5:29:30 PM ::1 Returned 200 in 12 ms
 HTTP  9/21/2026 5:29:30 PM ::1 Returned 200 in 9 ms
 HTTP  9/21/2026 5:29:30 PM ::1 GET /__next._tree.txt?_rsc=5CB68i4pnAekjehf
 HTTP  9/21/2026 5:29:30 PM ::1 Returned 200 in 2 ms
 HTTP  9/21/2026 5:29:30 PM ::1 GET /about/__next._tree.txt?_rsc=5CB68i4pnAekjehf
 HTTP  9/21/2026 5:29:30 PM ::1 Returned 200 in 3 ms
 HTTP  9/21/2026 5:29:30 PM ::1 GET /agenda/__next._tree.txt?_rsc=5CB68i4pnAekjehf
 HTTP  9/21/2026 5:29:30 PM ::1 GET /speakers/__next._tree.txt?_rsc=5CB68i4pnAekjehf
 HTTP  9/21/2026 5:29:30 PM ::1 Returned 200 in 7 ms
 HTTP  9/21/2026 5:29:30 PM ::1 Returned 200 in 5 ms
 HTTP  9/21/2026 5:29:30 PM ::1 HEAD /posters/
 HTTP  9/21/2026 5:29:30 PM ::1 Returned 200 in 6 ms
 HTTP  9/21/2026 5:29:30 PM ::1 HEAD /sponsors/
 HTTP  9/21/2026 5:29:30 PM ::1 Returned 200 in 2 ms
 HTTP  9/21/2026 5:29:30 PM ::1 HEAD /registration/
 HTTP  9/21/2026 5:29:30 PM ::1 Returned 200 in 4 ms
 HTTP  9/21/2026 5:29:30 PM ::1 GET /__next.__PAGE__.txt?_rsc=8nTjltbQWvg6NcbE
 HTTP  9/21/2026 5:29:30 PM ::1 GET /posters/__next._tree.txt?_rsc=5CB68i4pnAekjehf
 HTTP  9/21/2026 5:29:30 PM ::1 Returned 200 in 5 ms
 HTTP  9/21/2026 5:29:30 PM ::1 Returned 200 in 7 ms
 HTTP  9/21/2026 5:29:30 PM ::1 GET /sponsors/__next._tree.txt?_rsc=5CB68i4pnAekjehf
 HTTP  9/21/2026 5:29:30 PM ::1 Returned 200 in 5 ms
 HTTP  9/21/2026 5:29:30 PM ::1 GET /registration/__next._tree.txt?_rsc=5CB68i4pnAekjehf
 HTTP  9/21/2026 5:29:30 PM ::1 Returned 200 in 3 ms
 HTTP  9/21/2026 5:29:30 PM ::1 GET /about/__next.about.__PAGE__.txt?_rsc=hzcUC6YqarYE9pKE
 HTTP  9/21/2026 5:29:30 PM ::1 Returned 404 in 4 ms
 HTTP  9/21/2026 5:29:30 PM ::1 GET /agenda/__next.agenda.__PAGE__.txt?_rsc=j4kbAtHoDLFX2hk4
 HTTP  9/21/2026 5:29:30 PM ::1 GET /speakers/__next.speakers.__PAGE__.txt?_rsc=22PMAocxR9F6V8R5
 HTTP  9/21/2026 5:29:30 PM ::1 GET /posters/__next.posters.__PAGE__.txt?_rsc=44zf1ldL-cmIdsFY
 HTTP  9/21/2026 5:29:30 PM ::1 Returned 404 in 14 ms
 HTTP  9/21/2026 5:29:30 PM ::1 Returned 404 in 11 ms
 HTTP  9/21/2026 5:29:30 PM ::1 Returned 404 in 13 ms
 HTTP  9/21/2026 5:29:30 PM ::1 GET /sponsors/__next.sponsors.__PAGE__.txt?_rsc=HgMpmY5Ko1RgowCN
 HTTP  9/21/2026 5:29:30 PM ::1 Returned 404 in 4 ms
 HTTP  9/21/2026 5:29:30 PM ::1 GET /registration/__next.registration.__PAGE__.txt?_rsc=vL_-aE5EF4X0Mpyf
 HTTP  9/21/2026 5:29:30 PM ::1 Returned 404 in 2 ms
 HTTP  9/21/2026 5:29:31 PM ::1 GET /about/
 HTTP  9/21/2026 5:29:31 PM ::1 Returned 200 in 2 ms
 HTTP  9/21/2026 5:29:31 PM ::1 GET /compass-logo.png
 HTTP  9/21/2026 5:29:31 PM ::1 GET /_next/static/chunks/41u-6wrh3cc1o.css
 HTTP  9/21/2026 5:29:31 PM ::1 Returned 304 in 8 ms
 HTTP  9/21/2026 5:29:31 PM ::1 Returned 304 in 9 ms
 HTTP  9/21/2026 5:29:31 PM ::1 GET /_next/static/chunks/3s6nzrbk-8mnv.js
 HTTP  9/21/2026 5:29:31 PM ::1 GET /_next/static/chunks/19mx3mg6lkumu.js
 HTTP  9/21/2026 5:29:31 PM ::1 Returned 304 in 10 ms
 HTTP  9/21/2026 5:29:31 PM ::1 GET /_next/static/chunks/3kmozkq6tgqnz.js
 HTTP  9/21/2026 5:29:31 PM ::1 GET /_next/static/chunks/2l5x-zhm7488_.js
 HTTP  9/21/2026 5:29:31 PM ::1 GET /_next/static/chunks/turbopack-23uo424_7v2rd.js
 HTTP  9/21/2026 5:29:31 PM ::1 Returned 304 in 15 ms
 HTTP  9/21/2026 5:29:31 PM ::1 Returned 304 in 9 ms
 HTTP  9/21/2026 5:29:31 PM ::1 Returned 304 in 7 ms
 HTTP  9/21/2026 5:29:31 PM ::1 GET /_next/static/chunks/3fntmmi971322.js
 HTTP  9/21/2026 5:29:31 PM ::1 GET /_next/static/chunks/08h_lnmb0vpih.js
 HTTP  9/21/2026 5:29:31 PM ::1 Returned 304 in 15 ms
 HTTP  9/21/2026 5:29:31 PM ::1 Returned 304 in 8 ms
 HTTP  9/21/2026 5:29:31 PM ::1 Returned 304 in 9 ms
 HTTP  9/21/2026 5:29:31 PM ::1 GET /bsnu-logo.png
 HTTP  9/21/2026 5:29:31 PM ::1 GET /fms-logo.png
 HTTP  9/21/2026 5:29:31 PM ::1 GET /mood-digital-logo.png
 HTTP  9/21/2026 5:29:31 PM ::1 Returned 200 in 10 ms
 HTTP  9/21/2026 5:29:31 PM ::1 Returned 200 in 9 ms
 HTTP  9/21/2026 5:29:31 PM ::1 Returned 200 in 7 ms
 HTTP  9/21/2026 5:29:31 PM ::1 GET /tab-compass.png
 HTTP  9/21/2026 5:29:31 PM ::1 HEAD /
 HTTP  9/21/2026 5:29:31 PM ::1 HEAD /about/
 HTTP  9/21/2026 5:29:31 PM ::1 HEAD /agenda/
 HTTP  9/21/2026 5:29:31 PM ::1 HEAD /speakers/
 HTTP  9/21/2026 5:29:31 PM ::1 Returned 304 in 10 ms
 HTTP  9/21/2026 5:29:31 PM ::1 Returned 304 in 10 ms
 HTTP  9/21/2026 5:29:31 PM ::1 Returned 200 in 11 ms
 HTTP  9/21/2026 5:29:31 PM ::1 Returned 304 in 18 ms
 HTTP  9/21/2026 5:29:31 PM ::1 Returned 200 in 11 ms
 HTTP  9/21/2026 5:29:31 PM ::1 GET /__next._tree.txt?_rsc=Sdev7PUlRw12F58X
 HTTP  9/21/2026 5:29:31 PM ::1 GET /about/__next._tree.txt?_rsc=Sdev7PUlRw12F58X
 HTTP  9/21/2026 5:29:31 PM ::1 Returned 200 in 5 ms
 HTTP  9/21/2026 5:29:31 PM ::1 Returned 200 in 4 ms
 HTTP  9/21/2026 5:29:31 PM ::1 GET /agenda/__next._tree.txt?_rsc=Sdev7PUlRw12F58X
 HTTP  9/21/2026 5:29:31 PM ::1 GET /speakers/__next._tree.txt?_rsc=Sdev7PUlRw12F58X
 HTTP  9/21/2026 5:29:31 PM ::1 Returned 200 in 8 ms
 HTTP  9/21/2026 5:29:31 PM ::1 Returned 200 in 6 ms
 HTTP  9/21/2026 5:29:31 PM ::1 HEAD /posters/
 HTTP  9/21/2026 5:29:31 PM ::1 Returned 200 in 5 ms
 HTTP  9/21/2026 5:29:31 PM ::1 HEAD /sponsors/
 HTTP  9/21/2026 5:29:31 PM ::1 Returned 200 in 2 ms
 HTTP  9/21/2026 5:29:31 PM ::1 HEAD /registration/
 HTTP  9/21/2026 5:29:31 PM ::1 GET /posters/__next._tree.txt?_rsc=Sdev7PUlRw12F58X
 HTTP  9/21/2026 5:29:31 PM ::1 Returned 200 in 9 ms
 HTTP  9/21/2026 5:29:31 PM ::1 Returned 200 in 6 ms
 HTTP  9/21/2026 5:29:31 PM ::1 GET /sponsors/__next._tree.txt?_rsc=Sdev7PUlRw12F58X
 HTTP  9/21/2026 5:29:31 PM ::1 GET /__next.__PAGE__.txt?_rsc=IbqYazZHyjXYH_Ld
 HTTP  9/21/2026 5:29:31 PM ::1 Returned 200 in 3 ms
 HTTP  9/21/2026 5:29:31 PM ::1 Returned 200 in 3 ms
 HTTP  9/21/2026 5:29:31 PM ::1 GET /registration/__next._tree.txt?_rsc=Sdev7PUlRw12F58X
 HTTP  9/21/2026 5:29:31 PM ::1 GET /about/__next.about.__PAGE__.txt?_rsc=-PmfjtzM0R4ONS4g
 HTTP  9/21/2026 5:29:31 PM ::1 Returned 200 in 6 ms
 HTTP  9/21/2026 5:29:31 PM ::1 GET /agenda/__next.agenda.__PAGE__.txt?_rsc=_Ax_xXKa1oO7YPCl
 HTTP  9/21/2026 5:29:31 PM ::1 Returned 404 in 11 ms
 HTTP  9/21/2026 5:29:31 PM ::1 Returned 404 in 6 ms
 HTTP  9/21/2026 5:29:31 PM ::1 GET /_next/static/chunks/0goy3ssicgvu7.js
 HTTP  9/21/2026 5:29:31 PM ::1 GET /speakers/__next.speakers.__PAGE__.txt?_rsc=qWCTo4RgRH8BGAOx
 HTTP  9/21/2026 5:29:31 PM ::1 Returned 304 in 7 ms
 HTTP  9/21/2026 5:29:31 PM ::1 GET /posters/__next.posters.__PAGE__.txt?_rsc=nbuqA5e5vlI63H5F
 HTTP  9/21/2026 5:29:31 PM ::1 Returned 404 in 10 ms
 HTTP  9/21/2026 5:29:31 PM ::1 Returned 404 in 4 ms
 HTTP  9/21/2026 5:29:31 PM ::1 GET /sponsors/__next.sponsors.__PAGE__.txt?_rsc=lld4PKbiEXO0PX8z
 HTTP  9/21/2026 5:29:31 PM ::1 GET /registration/__next.registration.__PAGE__.txt?_rsc=-rRYaKJ3OQ7qKqLK
 HTTP  9/21/2026 5:29:31 PM ::1 Returned 404 in 5 ms
 HTTP  9/21/2026 5:29:31 PM ::1 Returned 404 in 4 ms
 HTTP  9/21/2026 5:29:32 PM ::1 GET /agenda/
 HTTP  9/21/2026 5:29:32 PM ::1 Returned 200 in 2 ms
 HTTP  9/21/2026 5:29:32 PM ::1 GET /compass-logo.png
 HTTP  9/21/2026 5:29:32 PM ::1 GET /_next/static/chunks/41u-6wrh3cc1o.css
 HTTP  9/21/2026 5:29:32 PM ::1 Returned 304 in 4 ms
 HTTP  9/21/2026 5:29:32 PM ::1 Returned 304 in 7 ms
 HTTP  9/21/2026 5:29:32 PM ::1 GET /_next/static/chunks/3s6nzrbk-8mnv.js
 HTTP  9/21/2026 5:29:32 PM ::1 GET /_next/static/chunks/19mx3mg6lkumu.js
 HTTP  9/21/2026 5:29:32 PM ::1 Returned 304 in 4 ms
 HTTP  9/21/2026 5:29:32 PM ::1 Returned 304 in 4 ms
 HTTP  9/21/2026 5:29:32 PM ::1 GET /_next/static/chunks/3kmozkq6tgqnz.js
 HTTP  9/21/2026 5:29:32 PM ::1 GET /_next/static/chunks/2l5x-zhm7488_.js
 HTTP  9/21/2026 5:29:32 PM ::1 GET /_next/static/chunks/turbopack-23uo424_7v2rd.js
 HTTP  9/21/2026 5:29:32 PM ::1 GET /_next/static/chunks/3fntmmi971322.js
 HTTP  9/21/2026 5:29:32 PM ::1 GET /_next/static/chunks/08h_lnmb0vpih.js
 HTTP  9/21/2026 5:29:32 PM ::1 Returned 304 in 9 ms
 HTTP  9/21/2026 5:29:32 PM ::1 Returned 304 in 13 ms
 HTTP  9/21/2026 5:29:32 PM ::1 Returned 304 in 12 ms
 HTTP  9/21/2026 5:29:32 PM ::1 Returned 304 in 12 ms
 HTTP  9/21/2026 5:29:32 PM ::1 GET /_next/static/chunks/0dqcc91hw--o_.js
 HTTP  9/21/2026 5:29:32 PM ::1 GET /bsnu-logo.png
 HTTP  9/21/2026 5:29:32 PM ::1 GET /fms-logo.png
 HTTP  9/21/2026 5:29:32 PM ::1 GET /mood-digital-logo.png
 HTTP  9/21/2026 5:29:32 PM ::1 Returned 304 in 19 ms
 HTTP  9/21/2026 5:29:32 PM ::1 Returned 200 in 9 ms
 HTTP  9/21/2026 5:29:32 PM ::1 Returned 304 in 11 ms
 HTTP  9/21/2026 5:29:32 PM ::1 Returned 304 in 11 ms
 HTTP  9/21/2026 5:29:32 PM ::1 Returned 304 in 13 ms
 HTTP  9/21/2026 5:29:32 PM ::1 GET /tab-compass.png
 HTTP  9/21/2026 5:29:32 PM ::1 HEAD /
 HTTP  9/21/2026 5:29:32 PM ::1 HEAD /about/
 HTTP  9/21/2026 5:29:32 PM ::1 HEAD /agenda/
 HTTP  9/21/2026 5:29:32 PM ::1 HEAD /speakers/
 HTTP  9/21/2026 5:29:32 PM ::1 Returned 304 in 59 ms
 HTTP  9/21/2026 5:29:32 PM ::1 Returned 304 in 12 ms
 HTTP  9/21/2026 5:29:32 PM ::1 Returned 304 in 13 ms
 HTTP  9/21/2026 5:29:32 PM ::1 Returned 304 in 15 ms
 HTTP  9/21/2026 5:29:32 PM ::1 Returned 200 in 18 ms
 HTTP  9/21/2026 5:29:32 PM ::1 GET /__next._tree.txt?_rsc=3AOHQTduX8R8iEgP
 HTTP  9/21/2026 5:29:32 PM ::1 GET /about/__next._tree.txt?_rsc=3AOHQTduX8R8iEgP
 HTTP  9/21/2026 5:29:32 PM ::1 Returned 200 in 8 ms
 HTTP  9/21/2026 5:29:32 PM ::1 GET /agenda/__next._tree.txt?_rsc=3AOHQTduX8R8iEgP
 HTTP  9/21/2026 5:29:32 PM ::1 Returned 200 in 12 ms
 HTTP  9/21/2026 5:29:32 PM ::1 Returned 200 in 4 ms
 HTTP  9/21/2026 5:29:32 PM ::1 GET /speakers/__next._tree.txt?_rsc=3AOHQTduX8R8iEgP
 HTTP  9/21/2026 5:29:32 PM ::1 HEAD /posters/
 HTTP  9/21/2026 5:29:32 PM ::1 HEAD /sponsors/
 HTTP  9/21/2026 5:29:32 PM ::1 Returned 200 in 14 ms
 HTTP  9/21/2026 5:29:32 PM ::1 Returned 200 in 8 ms
 HTTP  9/21/2026 5:29:32 PM ::1 HEAD /registration/
 HTTP  9/21/2026 5:29:32 PM ::1 Returned 200 in 13 ms
 HTTP  9/21/2026 5:29:32 PM ::1 Returned 200 in 6 ms
 HTTP  9/21/2026 5:29:32 PM ::1 GET /posters/__next._tree.txt?_rsc=3AOHQTduX8R8iEgP
 HTTP  9/21/2026 5:29:32 PM ::1 GET /sponsors/__next._tree.txt?_rsc=3AOHQTduX8R8iEgP
 HTTP  9/21/2026 5:29:32 PM ::1 Returned 200 in 7 ms
 HTTP  9/21/2026 5:29:32 PM ::1 GET /registration/__next._tree.txt?_rsc=3AOHQTduX8R8iEgP
 HTTP  9/21/2026 5:29:32 PM ::1 Returned 200 in 8 ms
 HTTP  9/21/2026 5:29:32 PM ::1 GET /__next.__PAGE__.txt?_rsc=gitvYGcMqNeYqW0Z
 HTTP  9/21/2026 5:29:32 PM ::1 Returned 200 in 6 ms
 HTTP  9/21/2026 5:29:32 PM ::1 Returned 200 in 6 ms
 HTTP  9/21/2026 5:29:32 PM ::1 GET /about/__next.about.__PAGE__.txt?_rsc=TJj_eEhwDnVVXtjN
 HTTP  9/21/2026 5:29:32 PM ::1 GET /agenda/__next.agenda.__PAGE__.txt?_rsc=iilaDUlvc_OgJKUZ
 HTTP  9/21/2026 5:29:32 PM ::1 GET /speakers/__next.speakers.__PAGE__.txt?_rsc=vXjLSP113jpBe4Wq
 HTTP  9/21/2026 5:29:32 PM ::1 GET /_next/static/chunks/0goy3ssicgvu7.js
 HTTP  9/21/2026 5:29:32 PM ::1 GET /posters/__next.posters.__PAGE__.txt?_rsc=M-FrlSXrmnRbpD5Z
 HTTP  9/21/2026 5:29:32 PM ::1 Returned 304 in 4 ms
 HTTP  9/21/2026 5:29:32 PM ::1 Returned 404 in 18 ms
 HTTP  9/21/2026 5:29:32 PM ::1 Returned 404 in 17 ms
 HTTP  9/21/2026 5:29:32 PM ::1 Returned 404 in 17 ms
 HTTP  9/21/2026 5:29:32 PM ::1 Returned 404 in 17 ms
 HTTP  9/21/2026 5:29:32 PM ::1 GET /sponsors/__next.sponsors.__PAGE__.txt?_rsc=kLXjaveZBvnA6wuW
 HTTP  9/21/2026 5:29:32 PM ::1 GET /registration/__next.registration.__PAGE__.txt?_rsc=OMa_EFGtQhpYslof
 HTTP  9/21/2026 5:29:32 PM ::1 Returned 404 in 6 ms
 HTTP  9/21/2026 5:29:32 PM ::1 Returned 404 in 9 ms
 HTTP  9/21/2026 5:29:33 PM ::1 GET /speakers/
 HTTP  9/21/2026 5:29:33 PM ::1 Returned 200 in 2 ms
 HTTP  9/21/2026 5:29:33 PM ::1 GET /compass-logo.png
 HTTP  9/21/2026 5:29:33 PM ::1 GET /_next/static/chunks/41u-6wrh3cc1o.css
 HTTP  9/21/2026 5:29:33 PM ::1 Returned 304 in 9 ms
 HTTP  9/21/2026 5:29:33 PM ::1 Returned 304 in 6 ms
 HTTP  9/21/2026 5:29:33 PM ::1 GET /_next/static/chunks/3s6nzrbk-8mnv.js
 HTTP  9/21/2026 5:29:33 PM ::1 GET /_next/static/chunks/19mx3mg6lkumu.js
 HTTP  9/21/2026 5:29:33 PM ::1 GET /_next/static/chunks/3kmozkq6tgqnz.js
 HTTP  9/21/2026 5:29:33 PM ::1 GET /_next/static/chunks/2l5x-zhm7488_.js
 HTTP  9/21/2026 5:29:33 PM ::1 GET /_next/static/chunks/turbopack-23uo424_7v2rd.js
 HTTP  9/21/2026 5:29:33 PM ::1 GET /_next/static/chunks/3fntmmi971322.js
 HTTP  9/21/2026 5:29:33 PM ::1 Returned 304 in 25 ms
 HTTP  9/21/2026 5:29:33 PM ::1 Returned 304 in 18 ms
 HTTP  9/21/2026 5:29:33 PM ::1 Returned 304 in 18 ms
 HTTP  9/21/2026 5:29:33 PM ::1 Returned 304 in 29 ms
 HTTP  9/21/2026 5:29:33 PM ::1 Returned 304 in 17 ms
 HTTP  9/21/2026 5:29:33 PM ::1 GET /_next/static/chunks/08h_lnmb0vpih.js
 HTTP  9/21/2026 5:29:33 PM ::1 GET /bsnu-logo.png
 HTTP  9/21/2026 5:29:33 PM ::1 GET /fms-logo.png
 HTTP  9/21/2026 5:29:33 PM ::1 GET /mood-digital-logo.png
 HTTP  9/21/2026 5:29:33 PM ::1 Returned 304 in 25 ms
 HTTP  9/21/2026 5:29:33 PM ::1 Returned 304 in 15 ms
 HTTP  9/21/2026 5:29:33 PM ::1 Returned 304 in 17 ms
 HTTP  9/21/2026 5:29:33 PM ::1 Returned 304 in 19 ms
 HTTP  9/21/2026 5:29:33 PM ::1 Returned 304 in 18 ms
 HTTP  9/21/2026 5:29:33 PM ::1 HEAD /
 HTTP  9/21/2026 5:29:33 PM ::1 HEAD /about/
 HTTP  9/21/2026 5:29:33 PM ::1 HEAD /agenda/
 HTTP  9/21/2026 5:29:33 PM ::1 GET /tab-compass.png
 HTTP  9/21/2026 5:29:33 PM ::1 Returned 304 in 8 ms
 HTTP  9/21/2026 5:29:33 PM ::1 Returned 304 in 10 ms
 HTTP  9/21/2026 5:29:33 PM ::1 Returned 304 in 15 ms
 HTTP  9/21/2026 5:29:33 PM ::1 Returned 304 in 15 ms
 HTTP  9/21/2026 5:29:33 PM ::1 HEAD /speakers/
 HTTP  9/21/2026 5:29:33 PM ::1 Returned 304 in 3 ms
 HTTP  9/21/2026 5:29:33 PM ::1 GET /__next._tree.txt?_rsc=e4kdpJ5IF1QMkzcO
 HTTP  9/21/2026 5:29:33 PM ::1 GET /about/__next._tree.txt?_rsc=e4kdpJ5IF1QMkzcO
 HTTP  9/21/2026 5:29:33 PM ::1 GET /agenda/__next._tree.txt?_rsc=e4kdpJ5IF1QMkzcO
 HTTP  9/21/2026 5:29:33 PM ::1 Returned 200 in 6 ms
 HTTP  9/21/2026 5:29:33 PM ::1 Returned 200 in 6 ms
 HTTP  9/21/2026 5:29:33 PM ::1 Returned 200 in 8 ms
 HTTP  9/21/2026 5:29:33 PM ::1 GET /speakers/__next._tree.txt?_rsc=e4kdpJ5IF1QMkzcO
 HTTP  9/21/2026 5:29:33 PM ::1 Returned 200 in 4 ms
 HTTP  9/21/2026 5:29:33 PM ::1 HEAD /posters/
 HTTP  9/21/2026 5:29:33 PM ::1 Returned 200 in 4 ms
 HTTP  9/21/2026 5:29:33 PM ::1 HEAD /sponsors/
 HTTP  9/21/2026 5:29:33 PM ::1 HEAD /registration/
 HTTP  9/21/2026 5:29:33 PM ::1 Returned 200 in 6 ms
 HTTP  9/21/2026 5:29:33 PM ::1 Returned 200 in 5 ms
 HTTP  9/21/2026 5:29:33 PM ::1 GET /__next.__PAGE__.txt?_rsc=CWlaD1ba2ROxeg9C
 HTTP  9/21/2026 5:29:33 PM ::1 Returned 200 in 3 ms
 HTTP  9/21/2026 5:29:33 PM ::1 GET /posters/__next._tree.txt?_rsc=e4kdpJ5IF1QMkzcO
 HTTP  9/21/2026 5:29:33 PM ::1 Returned 200 in 2 ms
 HTTP  9/21/2026 5:29:33 PM ::1 GET /sponsors/__next._tree.txt?_rsc=e4kdpJ5IF1QMkzcO
 HTTP  9/21/2026 5:29:33 PM ::1 GET /registration/__next._tree.txt?_rsc=e4kdpJ5IF1QMkzcO
 HTTP  9/21/2026 5:29:33 PM ::1 Returned 200 in 6 ms
 HTTP  9/21/2026 5:29:33 PM ::1 GET /_next/static/chunks/0goy3ssicgvu7.js
 HTTP  9/21/2026 5:29:33 PM ::1 Returned 200 in 6 ms
 HTTP  9/21/2026 5:29:33 PM ::1 GET /about/__next.about.__PAGE__.txt?_rsc=Xh89iPsh_qzCeUaX
 HTTP  9/21/2026 5:29:33 PM ::1 Returned 304 in 8 ms
 HTTP  9/21/2026 5:29:33 PM ::1 GET /agenda/__next.agenda.__PAGE__.txt?_rsc=VnyLuDlmOr2wE4iL
 HTTP  9/21/2026 5:29:33 PM ::1 Returned 404 in 10 ms
 HTTP  9/21/2026 5:29:33 PM ::1 Returned 404 in 6 ms
 HTTP  9/21/2026 5:29:33 PM ::1 GET /speakers/__next.speakers.__PAGE__.txt?_rsc=c7QYQroZJluepMYw
 HTTP  9/21/2026 5:29:33 PM ::1 GET /posters/__next.posters.__PAGE__.txt?_rsc=M0LowVq7hIPkNqnd
 HTTP  9/21/2026 5:29:33 PM ::1 Returned 404 in 6 ms
 HTTP  9/21/2026 5:29:33 PM ::1 Returned 404 in 7 ms
 HTTP  9/21/2026 5:29:34 PM ::1 GET /sponsors/__next.sponsors.__PAGE__.txt?_rsc=_SZxSSvWls7Ek8Ao
 HTTP  9/21/2026 5:29:34 PM ::1 GET /registration/__next.registration.__PAGE__.txt?_rsc=guTl75zPmQk_sQVO
 HTTP  9/21/2026 5:29:34 PM ::1 Returned 404 in 8 ms
 HTTP  9/21/2026 5:29:34 PM ::1 Returned 404 in 13 ms
 HTTP  9/21/2026 5:29:34 PM ::1 GET /posters/
 HTTP  9/21/2026 5:29:34 PM ::1 Returned 200 in 2 ms
 HTTP  9/21/2026 5:29:34 PM ::1 GET /compass-logo.png
 HTTP  9/21/2026 5:29:34 PM ::1 GET /_next/static/chunks/41u-6wrh3cc1o.css
 HTTP  9/21/2026 5:29:34 PM ::1 Returned 304 in 5 ms
 HTTP  9/21/2026 5:29:34 PM ::1 Returned 304 in 7 ms
 HTTP  9/21/2026 5:29:34 PM ::1 GET /_next/static/chunks/3s6nzrbk-8mnv.js
 HTTP  9/21/2026 5:29:34 PM ::1 GET /_next/static/chunks/19mx3mg6lkumu.js
 HTTP  9/21/2026 5:29:34 PM ::1 GET /_next/static/chunks/3kmozkq6tgqnz.js
 HTTP  9/21/2026 5:29:34 PM ::1 Returned 304 in 10 ms
 HTTP  9/21/2026 5:29:34 PM ::1 Returned 304 in 9 ms
 HTTP  9/21/2026 5:29:34 PM ::1 GET /_next/static/chunks/2l5x-zhm7488_.js
 HTTP  9/21/2026 5:29:34 PM ::1 GET /_next/static/chunks/turbopack-23uo424_7v2rd.js
 HTTP  9/21/2026 5:29:34 PM ::1 GET /_next/static/chunks/3fntmmi971322.js
 HTTP  9/21/2026 5:29:34 PM ::1 GET /_next/static/chunks/08h_lnmb0vpih.js
 HTTP  9/21/2026 5:29:34 PM ::1 GET /bsnu-logo.png
 HTTP  9/21/2026 5:29:34 PM ::1 Returned 304 in 19 ms
 HTTP  9/21/2026 5:29:34 PM ::1 Returned 304 in 13 ms
 HTTP  9/21/2026 5:29:34 PM ::1 Returned 304 in 13 ms
 HTTP  9/21/2026 5:29:34 PM ::1 Returned 304 in 13 ms
 HTTP  9/21/2026 5:29:34 PM ::1 Returned 304 in 14 ms
 HTTP  9/21/2026 5:29:34 PM ::1 Returned 304 in 15 ms
 HTTP  9/21/2026 5:29:34 PM ::1 GET /fms-logo.png
 HTTP  9/21/2026 5:29:34 PM ::1 GET /mood-digital-logo.png
 HTTP  9/21/2026 5:29:34 PM ::1 Returned 304 in 10 ms
 HTTP  9/21/2026 5:29:34 PM ::1 Returned 304 in 14 ms
 HTTP  9/21/2026 5:29:34 PM ::1 GET /tab-compass.png
 HTTP  9/21/2026 5:29:34 PM ::1 Returned 304 in 3 ms
 HTTP  9/21/2026 5:29:34 PM ::1 HEAD /
 HTTP  9/21/2026 5:29:34 PM ::1 HEAD /about/
 HTTP  9/21/2026 5:29:34 PM ::1 HEAD /agenda/
 HTTP  9/21/2026 5:29:34 PM ::1 HEAD /speakers/
 HTTP  9/21/2026 5:29:34 PM ::1 Returned 304 in 10 ms
 HTTP  9/21/2026 5:29:34 PM ::1 Returned 304 in 10 ms
 HTTP  9/21/2026 5:29:34 PM ::1 Returned 304 in 10 ms
 HTTP  9/21/2026 5:29:34 PM ::1 Returned 304 in 12 ms
 HTTP  9/21/2026 5:29:34 PM ::1 GET /__next._tree.txt?_rsc=rO-w20fdJrTTjPH3
 HTTP  9/21/2026 5:29:34 PM ::1 Returned 200 in 9 ms
 HTTP  9/21/2026 5:29:34 PM ::1 GET /about/__next._tree.txt?_rsc=rO-w20fdJrTTjPH3
 HTTP  9/21/2026 5:29:34 PM ::1 GET /agenda/__next._tree.txt?_rsc=rO-w20fdJrTTjPH3
 HTTP  9/21/2026 5:29:34 PM ::1 GET /speakers/__next._tree.txt?_rsc=rO-w20fdJrTTjPH3
 HTTP  9/21/2026 5:29:34 PM ::1 Returned 200 in 7 ms
 HTTP  9/21/2026 5:29:34 PM ::1 Returned 200 in 11 ms
 HTTP  9/21/2026 5:29:34 PM ::1 Returned 200 in 12 ms
 HTTP  9/21/2026 5:29:34 PM ::1 HEAD /posters/
 HTTP  9/21/2026 5:29:34 PM ::1 Returned 304 in 3 ms
 HTTP  9/21/2026 5:29:34 PM ::1 HEAD /sponsors/
 HTTP  9/21/2026 5:29:34 PM ::1 HEAD /registration/
 HTTP  9/21/2026 5:29:34 PM ::1 GET /__next.__PAGE__.txt?_rsc=le3LEAwq4TeE5Il6
 HTTP  9/21/2026 5:29:34 PM ::1 Returned 200 in 10 ms
 HTTP  9/21/2026 5:29:34 PM ::1 Returned 200 in 9 ms
 HTTP  9/21/2026 5:29:34 PM ::1 GET /posters/__next._tree.txt?_rsc=rO-w20fdJrTTjPH3
 HTTP  9/21/2026 5:29:34 PM ::1 Returned 200 in 6 ms
 HTTP  9/21/2026 5:29:34 PM ::1 Returned 200 in 3 ms
 HTTP  9/21/2026 5:29:34 PM ::1 GET /sponsors/__next._tree.txt?_rsc=rO-w20fdJrTTjPH3
 HTTP  9/21/2026 5:29:34 PM ::1 GET /registration/__next._tree.txt?_rsc=rO-w20fdJrTTjPH3
 HTTP  9/21/2026 5:29:34 PM ::1 Returned 200 in 10 ms
 HTTP  9/21/2026 5:29:34 PM ::1 GET /_next/static/chunks/0goy3ssicgvu7.js
 HTTP  9/21/2026 5:29:34 PM ::1 GET /about/__next.about.__PAGE__.txt?_rsc=4EF2cWdcE2PRZ5Lv
 HTTP  9/21/2026 5:29:34 PM ::1 GET /agenda/__next.agenda.__PAGE__.txt?_rsc=pn_12DtL2YqCBNxo
 HTTP  9/21/2026 5:29:34 PM ::1 Returned 200 in 16 ms
 HTTP  9/21/2026 5:29:34 PM ::1 Returned 304 in 7 ms
 HTTP  9/21/2026 5:29:34 PM ::1 Returned 404 in 9 ms
 HTTP  9/21/2026 5:29:34 PM ::1 Returned 404 in 12 ms
 HTTP  9/21/2026 5:29:34 PM ::1 GET /speakers/__next.speakers.__PAGE__.txt?_rsc=alGJwoAKTwJvpyJ8
 HTTP  9/21/2026 5:29:34 PM ::1 GET /posters/__next.posters.__PAGE__.txt?_rsc=cyehLnH36zhVX5B5
 HTTP  9/21/2026 5:29:34 PM ::1 GET /sponsors/__next.sponsors.__PAGE__.txt?_rsc=6FOCAbEDwoqEoTgj
 HTTP  9/21/2026 5:29:34 PM ::1 GET /registration/__next.registration.__PAGE__.txt?_rsc=azHHycKGrQuBv8em
 HTTP  9/21/2026 5:29:34 PM ::1 Returned 404 in 14 ms
 HTTP  9/21/2026 5:29:34 PM ::1 Returned 404 in 8 ms
 HTTP  9/21/2026 5:29:34 PM ::1 Returned 404 in 7 ms
 HTTP  9/21/2026 5:29:34 PM ::1 Returned 404 in 10 ms
 HTTP  9/21/2026 5:29:35 PM ::1 GET /sponsors/
 HTTP  9/21/2026 5:29:35 PM ::1 Returned 200 in 5 ms
 HTTP  9/21/2026 5:29:35 PM ::1 GET /compass-logo.png
 HTTP  9/21/2026 5:29:35 PM ::1 GET /_next/static/chunks/41u-6wrh3cc1o.css
 HTTP  9/21/2026 5:29:35 PM ::1 Returned 304 in 4 ms
 HTTP  9/21/2026 5:29:35 PM ::1 Returned 304 in 4 ms
 HTTP  9/21/2026 5:29:35 PM ::1 GET /_next/static/chunks/3s6nzrbk-8mnv.js
 HTTP  9/21/2026 5:29:35 PM ::1 GET /_next/static/chunks/19mx3mg6lkumu.js
 HTTP  9/21/2026 5:29:35 PM ::1 GET /_next/static/chunks/3kmozkq6tgqnz.js
 HTTP  9/21/2026 5:29:35 PM ::1 GET /_next/static/chunks/2l5x-zhm7488_.js
 HTTP  9/21/2026 5:29:35 PM ::1 GET /_next/static/chunks/turbopack-23uo424_7v2rd.js
 HTTP  9/21/2026 5:29:35 PM ::1 Returned 304 in 14 ms
 HTTP  9/21/2026 5:29:35 PM ::1 Returned 304 in 14 ms
 HTTP  9/21/2026 5:29:35 PM ::1 Returned 304 in 16 ms
 HTTP  9/21/2026 5:29:35 PM ::1 Returned 304 in 17 ms
 HTTP  9/21/2026 5:29:35 PM ::1 GET /_next/static/chunks/3fntmmi971322.js
 HTTP  9/21/2026 5:29:35 PM ::1 GET /_next/static/chunks/08h_lnmb0vpih.js
 HTTP  9/21/2026 5:29:35 PM ::1 Returned 304 in 21 ms
 HTTP  9/21/2026 5:29:35 PM ::1 Returned 304 in 7 ms
 HTTP  9/21/2026 5:29:35 PM ::1 GET /bsnu-logo.png
 HTTP  9/21/2026 5:29:35 PM ::1 GET /fms-logo.png
 HTTP  9/21/2026 5:29:35 PM ::1 GET /mood-digital-logo.png
 HTTP  9/21/2026 5:29:35 PM ::1 Returned 304 in 15 ms
 HTTP  9/21/2026 5:29:35 PM ::1 Returned 304 in 10 ms
 HTTP  9/21/2026 5:29:35 PM ::1 Returned 304 in 11 ms
 HTTP  9/21/2026 5:29:35 PM ::1 Returned 304 in 13 ms
 HTTP  9/21/2026 5:29:35 PM ::1 GET /tab-compass.png
 HTTP  9/21/2026 5:29:35 PM ::1 HEAD /
 HTTP  9/21/2026 5:29:35 PM ::1 HEAD /about/
 HTTP  9/21/2026 5:29:35 PM ::1 HEAD /agenda/
 HTTP  9/21/2026 5:29:35 PM ::1 HEAD /speakers/
 HTTP  9/21/2026 5:29:35 PM ::1 Returned 304 in 14 ms
 HTTP  9/21/2026 5:29:35 PM ::1 Returned 304 in 20 ms
 HTTP  9/21/2026 5:29:35 PM ::1 Returned 304 in 19 ms
 HTTP  9/21/2026 5:29:35 PM ::1 Returned 304 in 20 ms
 HTTP  9/21/2026 5:29:35 PM ::1 Returned 304 in 20 ms
 HTTP  9/21/2026 5:29:35 PM ::1 GET /__next._tree.txt?_rsc=5Hsx665_Zd3nP6up
 HTTP  9/21/2026 5:29:35 PM ::1 GET /about/__next._tree.txt?_rsc=5Hsx665_Zd3nP6up
 HTTP  9/21/2026 5:29:35 PM ::1 Returned 200 in 8 ms
 HTTP  9/21/2026 5:29:35 PM ::1 GET /agenda/__next._tree.txt?_rsc=5Hsx665_Zd3nP6up
 HTTP  9/21/2026 5:29:35 PM ::1 GET /speakers/__next._tree.txt?_rsc=5Hsx665_Zd3nP6up
 HTTP  9/21/2026 5:29:35 PM ::1 Returned 200 in 20 ms
 HTTP  9/21/2026 5:29:35 PM ::1 Returned 200 in 10 ms
 HTTP  9/21/2026 5:29:35 PM ::1 Returned 200 in 11 ms
 HTTP  9/21/2026 5:29:35 PM ::1 HEAD /posters/
 HTTP  9/21/2026 5:29:35 PM ::1 HEAD /sponsors/
 HTTP  9/21/2026 5:29:35 PM ::1 HEAD /registration/
 HTTP  9/21/2026 5:29:35 PM ::1 Returned 304 in 10 ms
 HTTP  9/21/2026 5:29:35 PM ::1 Returned 304 in 10 ms
 HTTP  9/21/2026 5:29:35 PM ::1 GET /__next.__PAGE__.txt?_rsc=UNXMabkq54duWn_Z
 HTTP  9/21/2026 5:29:35 PM ::1 Returned 200 in 9 ms
 HTTP  9/21/2026 5:29:35 PM ::1 GET /posters/__next._tree.txt?_rsc=5Hsx665_Zd3nP6up
 HTTP  9/21/2026 5:29:35 PM ::1 Returned 200 in 12 ms
 HTTP  9/21/2026 5:29:35 PM ::1 GET /sponsors/__next._tree.txt?_rsc=5Hsx665_Zd3nP6up
 HTTP  9/21/2026 5:29:35 PM ::1 Returned 200 in 10 ms
 HTTP  9/21/2026 5:29:35 PM ::1 Returned 200 in 5 ms
 HTTP  9/21/2026 5:29:35 PM ::1 GET /registration/__next._tree.txt?_rsc=5Hsx665_Zd3nP6up
 HTTP  9/21/2026 5:29:35 PM ::1 GET /about/__next.about.__PAGE__.txt?_rsc=Q0sPScNWJbUyklN9
 HTTP  9/21/2026 5:29:35 PM ::1 Returned 200 in 6 ms
 HTTP  9/21/2026 5:29:35 PM ::1 GET /_next/static/chunks/0goy3ssicgvu7.js
 HTTP  9/21/2026 5:29:35 PM ::1 GET /agenda/__next.agenda.__PAGE__.txt?_rsc=yhW_bGp0iaPcpnOs
 HTTP  9/21/2026 5:29:35 PM ::1 Returned 304 in 7 ms
 HTTP  9/21/2026 5:29:35 PM ::1 GET /speakers/__next.speakers.__PAGE__.txt?_rsc=n-PVTz7miw9tM5z9
 HTTP  9/21/2026 5:29:35 PM ::1 Returned 404 in 22 ms
 HTTP  9/21/2026 5:29:35 PM ::1 GET /posters/__next.posters.__PAGE__.txt?_rsc=I6QGC3gvWZW2BCpT
 HTTP  9/21/2026 5:29:35 PM ::1 Returned 404 in 34 ms
 HTTP  9/21/2026 5:29:35 PM ::1 Returned 404 in 30 ms
 HTTP  9/21/2026 5:29:35 PM ::1 Returned 404 in 23 ms
 HTTP  9/21/2026 5:29:35 PM ::1 GET /sponsors/__next.sponsors.__PAGE__.txt?_rsc=UnF_RCeMLdRf-D9m
 HTTP  9/21/2026 5:29:35 PM ::1 GET /registration/__next.registration.__PAGE__.txt?_rsc=PHsceAyB7joiCuHV
 HTTP  9/21/2026 5:29:35 PM ::1 Returned 404 in 4 ms
 HTTP  9/21/2026 5:29:35 PM ::1 Returned 404 in 6 ms
 HTTP  9/21/2026 5:29:36 PM ::1 GET /registration/
 HTTP  9/21/2026 5:29:36 PM ::1 Returned 200 in 1 ms
 HTTP  9/21/2026 5:29:36 PM ::1 GET /compass-logo.png
 HTTP  9/21/2026 5:29:36 PM ::1 GET /_next/static/chunks/41u-6wrh3cc1o.css
 HTTP  9/21/2026 5:29:36 PM ::1 Returned 304 in 6 ms
 HTTP  9/21/2026 5:29:36 PM ::1 Returned 304 in 8 ms
 HTTP  9/21/2026 5:29:36 PM ::1 GET /_next/static/chunks/3s6nzrbk-8mnv.js
 HTTP  9/21/2026 5:29:36 PM ::1 GET /_next/static/chunks/19mx3mg6lkumu.js
 HTTP  9/21/2026 5:29:36 PM ::1 GET /_next/static/chunks/3kmozkq6tgqnz.js
 HTTP  9/21/2026 5:29:36 PM ::1 Returned 304 in 11 ms
 HTTP  9/21/2026 5:29:36 PM ::1 GET /_next/static/chunks/2l5x-zhm7488_.js
 HTTP  9/21/2026 5:29:36 PM ::1 GET /_next/static/chunks/turbopack-23uo424_7v2rd.js
 HTTP  9/21/2026 5:29:36 PM ::1 Returned 304 in 17 ms
 HTTP  9/21/2026 5:29:36 PM ::1 Returned 304 in 19 ms
 HTTP  9/21/2026 5:29:36 PM ::1 Returned 304 in 12 ms
 HTTP  9/21/2026 5:29:36 PM ::1 GET /_next/static/chunks/3fntmmi971322.js
 HTTP  9/21/2026 5:29:36 PM ::1 Returned 304 in 13 ms
 HTTP  9/21/2026 5:29:36 PM ::1 GET /_next/static/chunks/08h_lnmb0vpih.js
 HTTP  9/21/2026 5:29:36 PM ::1 GET /bsnu-logo.png
 HTTP  9/21/2026 5:29:36 PM ::1 GET /fms-logo.png
 HTTP  9/21/2026 5:29:36 PM ::1 GET /mood-digital-logo.png
 HTTP  9/21/2026 5:29:36 PM ::1 Returned 304 in 17 ms
 HTTP  9/21/2026 5:29:36 PM ::1 Returned 304 in 19 ms
 HTTP  9/21/2026 5:29:36 PM ::1 Returned 304 in 18 ms
 HTTP  9/21/2026 5:29:36 PM ::1 Returned 304 in 21 ms
 HTTP  9/21/2026 5:29:36 PM ::1 Returned 304 in 18 ms
 HTTP  9/21/2026 5:29:36 PM ::1 GET /tab-compass.png
 HTTP  9/21/2026 5:29:36 PM ::1 HEAD /
 HTTP  9/21/2026 5:29:36 PM ::1 HEAD /about/
 HTTP  9/21/2026 5:29:36 PM ::1 HEAD /agenda/
 HTTP  9/21/2026 5:29:36 PM ::1 HEAD /speakers/
 HTTP  9/21/2026 5:29:36 PM ::1 Returned 304 in 15 ms
 HTTP  9/21/2026 5:29:36 PM ::1 Returned 304 in 12 ms
 HTTP  9/21/2026 5:29:36 PM ::1 Returned 304 in 13 ms
 HTTP  9/21/2026 5:29:36 PM ::1 Returned 304 in 13 ms
 HTTP  9/21/2026 5:29:36 PM ::1 Returned 304 in 13 ms
 HTTP  9/21/2026 5:29:36 PM ::1 GET /__next._tree.txt?_rsc=2uxn3OduiNuvtl8f
 HTTP  9/21/2026 5:29:36 PM ::1 Returned 200 in 11 ms
 HTTP  9/21/2026 5:29:36 PM ::1 GET /about/__next._tree.txt?_rsc=2uxn3OduiNuvtl8f
 HTTP  9/21/2026 5:29:36 PM ::1 GET /agenda/__next._tree.txt?_rsc=2uxn3OduiNuvtl8f
 HTTP  9/21/2026 5:29:36 PM ::1 GET /speakers/__next._tree.txt?_rsc=2uxn3OduiNuvtl8f
 HTTP  9/21/2026 5:29:36 PM ::1 Returned 200 in 11 ms
 HTTP  9/21/2026 5:29:36 PM ::1 Returned 200 in 13 ms
 HTTP  9/21/2026 5:29:36 PM ::1 Returned 200 in 14 ms
 HTTP  9/21/2026 5:29:36 PM ::1 HEAD /posters/
 HTTP  9/21/2026 5:29:36 PM ::1 HEAD /sponsors/
 HTTP  9/21/2026 5:29:36 PM ::1 Returned 304 in 6 ms
 HTTP  9/21/2026 5:29:36 PM ::1 HEAD /registration/
 HTTP  9/21/2026 5:29:36 PM ::1 Returned 304 in 10 ms
 HTTP  9/21/2026 5:29:36 PM ::1 Returned 304 in 8 ms
 HTTP  9/21/2026 5:29:36 PM ::1 GET /posters/__next._tree.txt?_rsc=2uxn3OduiNuvtl8f
 HTTP  9/21/2026 5:29:36 PM ::1 Returned 200 in 3 ms
 HTTP  9/21/2026 5:29:36 PM ::1 GET /sponsors/__next._tree.txt?_rsc=2uxn3OduiNuvtl8f
 HTTP  9/21/2026 5:29:36 PM ::1 GET /registration/__next._tree.txt?_rsc=2uxn3OduiNuvtl8f
 HTTP  9/21/2026 5:29:36 PM ::1 Returned 200 in 4 ms
 HTTP  9/21/2026 5:29:36 PM ::1 GET /__next.__PAGE__.txt?_rsc=wNd0b049GW_EH6YP
 HTTP  9/21/2026 5:29:36 PM ::1 Returned 200 in 8 ms
 HTTP  9/21/2026 5:29:36 PM ::1 Returned 200 in 5 ms
 HTTP  9/21/2026 5:29:36 PM ::1 GET /about/__next.about.__PAGE__.txt?_rsc=CpwA5LPPeig9clRn
 HTTP  9/21/2026 5:29:36 PM ::1 Returned 404 in 11 ms
 HTTP  9/21/2026 5:29:36 PM ::1 GET /agenda/__next.agenda.__PAGE__.txt?_rsc=R9GZrxKmDsYVcjIp
 HTTP  9/21/2026 5:29:36 PM ::1 GET /speakers/__next.speakers.__PAGE__.txt?_rsc=X4IGuTCE0V2PHz0L
 HTTP  9/21/2026 5:29:36 PM ::1 GET /_next/static/chunks/0goy3ssicgvu7.js
 HTTP  9/21/2026 5:29:36 PM ::1 GET /posters/__next.posters.__PAGE__.txt?_rsc=Erk4n0i1HyWHI90u
 HTTP  9/21/2026 5:29:36 PM ::1 Returned 304 in 8 ms
 HTTP  9/21/2026 5:29:36 PM ::1 Returned 404 in 17 ms
 HTTP  9/21/2026 5:29:36 PM ::1 Returned 404 in 17 ms
 HTTP  9/21/2026 5:29:36 PM ::1 Returned 404 in 12 ms
 HTTP  9/21/2026 5:29:36 PM ::1 GET /sponsors/__next.sponsors.__PAGE__.txt?_rsc=1O83TWSNua2mZMnu
 HTTP  9/21/2026 5:29:36 PM ::1 Returned 404 in 6 ms
 HTTP  9/21/2026 5:29:36 PM ::1 GET /registration/__next.registration.__PAGE__.txt?_rsc=0f6s_Lu3-dSoywMR
 HTTP  9/21/2026 5:29:36 PM ::1 Returned 404 in 3 ms
 HTTP  9/21/2026 5:29:38 PM ::1 GET /
 HTTP  9/21/2026 5:29:38 PM ::1 Returned 200 in 3 ms
 HTTP  9/21/2026 5:29:38 PM ::1 GET /compass-logo.png
 HTTP  9/21/2026 5:29:38 PM ::1 Returned 200 in 12 ms
 HTTP  9/21/2026 5:29:38 PM ::1 GET /_next/static/chunks/41u-6wrh3cc1o.css
 HTTP  9/21/2026 5:29:38 PM ::1 Returned 200 in 6 ms
 HTTP  9/21/2026 5:29:38 PM ::1 GET /_next/static/chunks/3s6nzrbk-8mnv.js
 HTTP  9/21/2026 5:29:38 PM ::1 Returned 200 in 11 ms
 HTTP  9/21/2026 5:29:38 PM ::1 GET /_next/static/chunks/19mx3mg6lkumu.js
 HTTP  9/21/2026 5:29:38 PM ::1 Returned 200 in 3 ms
 HTTP  9/21/2026 5:29:38 PM ::1 GET /_next/static/chunks/3kmozkq6tgqnz.js
 HTTP  9/21/2026 5:29:38 PM ::1 GET /_next/static/chunks/2l5x-zhm7488_.js
 HTTP  9/21/2026 5:29:38 PM ::1 GET /_next/static/chunks/turbopack-23uo424_7v2rd.js
 HTTP  9/21/2026 5:29:38 PM ::1 Returned 200 in 6 ms
 HTTP  9/21/2026 5:29:38 PM ::1 Returned 200 in 7 ms
 HTTP  9/21/2026 5:29:38 PM ::1 Returned 200 in 10 ms
 HTTP  9/21/2026 5:29:38 PM ::1 GET /_next/static/chunks/3fntmmi971322.js
 HTTP  9/21/2026 5:29:38 PM ::1 Returned 200 in 2 ms
 HTTP  9/21/2026 5:29:38 PM ::1 GET /_next/static/chunks/08h_lnmb0vpih.js
 HTTP  9/21/2026 5:29:38 PM ::1 GET /_next/static/chunks/0goy3ssicgvu7.js
 HTTP  9/21/2026 5:29:38 PM ::1 GET /college.jpeg
 HTTP  9/21/2026 5:29:38 PM ::1 Returned 200 in 6 ms
 HTTP  9/21/2026 5:29:38 PM ::1 Returned 200 in 8 ms
 HTTP  9/21/2026 5:29:38 PM ::1 Returned 200 in 11 ms
 HTTP  9/21/2026 5:29:38 PM ::1 GET /_next/static/media/source-serif-4-latin-400-normal.2h0g4hvhigxb2.woff2
 HTTP  9/21/2026 5:29:38 PM ::1 Returned 200 in 11 ms
 HTTP  9/21/2026 5:29:38 PM ::1 GET /_next/static/media/public-sans-latin-400-normal.0dfhr30pzjgke.woff2
 HTTP  9/21/2026 5:29:38 PM ::1 GET /_next/static/media/public-sans-latin-600-normal.28kl08ryt2g51.woff2
 HTTP  9/21/2026 5:29:38 PM ::1 GET /_next/static/media/source-serif-4-latin-400-italic.176tdg0wh_pxv.woff2
 HTTP  9/21/2026 5:29:38 PM ::1 GET /_next/static/media/public-sans-latin-800-normal.3yqjxqcq8pbt_.woff2
 HTTP  9/21/2026 5:29:38 PM ::1 Returned 200 in 17 ms
 HTTP  9/21/2026 5:29:38 PM ::1 Returned 200 in 16 ms
 HTTP  9/21/2026 5:29:38 PM ::1 Returned 200 in 16 ms
 HTTP  9/21/2026 5:29:38 PM ::1 Returned 200 in 10 ms
 HTTP  9/21/2026 5:29:39 PM ::1 GET /tab-compass.png
 HTTP  9/21/2026 5:29:39 PM ::1 Returned 200 in 2 ms
 HTTP  9/21/2026 5:29:39 PM ::1 HEAD /
 HTTP  9/21/2026 5:29:39 PM ::1 Returned 304 in 2 ms
 HTTP  9/21/2026 5:29:39 PM ::1 HEAD /registration/
 HTTP  9/21/2026 5:29:39 PM ::1 HEAD /about/
 HTTP  9/21/2026 5:29:39 PM ::1 HEAD /agenda/
 HTTP  9/21/2026 5:29:39 PM ::1 Returned 200 in 8 ms
 HTTP  9/21/2026 5:29:39 PM ::1 Returned 200 in 5 ms
 HTTP  9/21/2026 5:29:39 PM ::1 Returned 200 in 5 ms
 HTTP  9/21/2026 5:29:39 PM ::1 GET /__next._tree.txt?_rsc=5CB68i4pnAekjehf
 HTTP  9/21/2026 5:29:39 PM ::1 Returned 200 in 3 ms
 HTTP  9/21/2026 5:29:39 PM ::1 GET /registration/__next._tree.txt?_rsc=5CB68i4pnAekjehf
 HTTP  9/21/2026 5:29:39 PM ::1 GET /about/__next._tree.txt?_rsc=5CB68i4pnAekjehf
 HTTP  9/21/2026 5:29:39 PM ::1 Returned 200 in 3 ms
 HTTP  9/21/2026 5:29:39 PM ::1 Returned 200 in 6 ms
 HTTP  9/21/2026 5:29:39 PM ::1 GET /agenda/__next._tree.txt?_rsc=5CB68i4pnAekjehf
 HTTP  9/21/2026 5:29:39 PM ::1 Returned 200 in 3 ms
 HTTP  9/21/2026 5:29:39 PM ::1 GET /__next.__PAGE__.txt?_rsc=8nTjltbQWvg6NcbE
 HTTP  9/21/2026 5:29:39 PM ::1 Returned 200 in 4 ms
 HTTP  9/21/2026 5:29:39 PM ::1 GET /registration/__next.registration.__PAGE__.txt?_rsc=vL_-aE5EF4X0Mpyf
 HTTP  9/21/2026 5:29:39 PM ::1 GET /about/__next.about.__PAGE__.txt?_rsc=hzcUC6YqarYE9pKE
 HTTP  9/21/2026 5:29:39 PM ::1 GET /agenda/__next.agenda.__PAGE__.txt?_rsc=j4kbAtHoDLFX2hk4
 HTTP  9/21/2026 5:29:39 PM ::1 Returned 404 in 14 ms
 HTTP  9/21/2026 5:29:39 PM ::1 Returned 404 in 12 ms
 HTTP  9/21/2026 5:29:39 PM ::1 Returned 404 in 9 ms
 HTTP  9/21/2026 5:29:40 PM ::1 GET /about/
 HTTP  9/21/2026 5:29:40 PM ::1 Returned 200 in 62 ms
 HTTP  9/21/2026 5:29:40 PM ::1 GET /compass-logo.png
 HTTP  9/21/2026 5:29:40 PM ::1 GET /_next/static/chunks/41u-6wrh3cc1o.css
 HTTP  9/21/2026 5:29:40 PM ::1 Returned 304 in 13 ms
 HTTP  9/21/2026 5:29:40 PM ::1 Returned 304 in 302 ms
 HTTP  9/21/2026 5:29:40 PM ::1 GET /_next/static/chunks/3s6nzrbk-8mnv.js
 HTTP  9/21/2026 5:29:40 PM ::1 GET /_next/static/chunks/19mx3mg6lkumu.js
 HTTP  9/21/2026 5:29:40 PM ::1 GET /_next/static/chunks/3kmozkq6tgqnz.js
 HTTP  9/21/2026 5:29:40 PM ::1 GET /_next/static/chunks/2l5x-zhm7488_.js
 HTTP  9/21/2026 5:29:40 PM ::1 GET /_next/static/chunks/turbopack-23uo424_7v2rd.js
 HTTP  9/21/2026 5:29:40 PM ::1 GET /_next/static/chunks/3fntmmi971322.js
 HTTP  9/21/2026 5:29:40 PM ::1 Returned 304 in 19 ms
 HTTP  9/21/2026 5:29:40 PM ::1 Returned 304 in 15 ms
 HTTP  9/21/2026 5:29:40 PM ::1 Returned 304 in 15 ms
 HTTP  9/21/2026 5:29:40 PM ::1 Returned 304 in 21 ms
 HTTP  9/21/2026 5:29:40 PM ::1 Returned 304 in 23 ms
 HTTP  9/21/2026 5:29:40 PM ::1 Returned 304 in 24 ms
 HTTP  9/21/2026 5:29:40 PM ::1 GET /_next/static/chunks/08h_lnmb0vpih.js
 HTTP  9/21/2026 5:29:40 PM ::1 GET /bsnu-logo.png
 HTTP  9/21/2026 5:29:40 PM ::1 GET /fms-logo.png
 HTTP  9/21/2026 5:29:40 PM ::1 GET /mood-digital-logo.png
 HTTP  9/21/2026 5:29:40 PM ::1 Returned 304 in 15 ms
 HTTP  9/21/2026 5:29:40 PM ::1 Returned 200 in 12 ms
 HTTP  9/21/2026 5:29:40 PM ::1 Returned 200 in 10 ms
 HTTP  9/21/2026 5:29:40 PM ::1 Returned 200 in 11 ms
 HTTP  9/21/2026 5:29:40 PM ::1 GET /tab-compass.png
 HTTP  9/21/2026 5:29:40 PM ::1 HEAD /
 HTTP  9/21/2026 5:29:40 PM ::1 Returned 304 in 9 ms
 HTTP  9/21/2026 5:29:40 PM ::1 Returned 304 in 8 ms
 HTTP  9/21/2026 5:29:40 PM ::1 GET /__next._tree.txt?_rsc=Sdev7PUlRw12F58X
 HTTP  9/21/2026 5:29:40 PM ::1 Returned 200 in 3 ms
 HTTP  9/21/2026 5:29:40 PM ::1 GET /__next.__PAGE__.txt?_rsc=IbqYazZHyjXYH_Ld
 HTTP  9/21/2026 5:29:40 PM ::1 Returned 200 in 3 ms
 HTTP  9/21/2026 5:29:40 PM ::1 GET /_next/static/chunks/0goy3ssicgvu7.js
 HTTP  9/21/2026 5:29:40 PM ::1 Returned 304 in 7 ms
 HTTP  9/21/2026 5:29:41 PM ::1 GET /agenda/
 HTTP  9/21/2026 5:29:41 PM ::1 Returned 200 in 3 ms
 HTTP  9/21/2026 5:29:41 PM ::1 GET /compass-logo.png
 HTTP  9/21/2026 5:29:41 PM ::1 GET /_next/static/chunks/41u-6wrh3cc1o.css
 HTTP  9/21/2026 5:29:41 PM ::1 Returned 304 in 8 ms
 HTTP  9/21/2026 5:29:41 PM ::1 Returned 304 in 9 ms
 HTTP  9/21/2026 5:29:41 PM ::1 GET /_next/static/chunks/3s6nzrbk-8mnv.js
 HTTP  9/21/2026 5:29:41 PM ::1 GET /_next/static/chunks/19mx3mg6lkumu.js
 HTTP  9/21/2026 5:29:41 PM ::1 GET /_next/static/chunks/3kmozkq6tgqnz.js
 HTTP  9/21/2026 5:29:41 PM ::1 GET /_next/static/chunks/2l5x-zhm7488_.js
 HTTP  9/21/2026 5:29:41 PM ::1 GET /_next/static/chunks/turbopack-23uo424_7v2rd.js
 HTTP  9/21/2026 5:29:41 PM ::1 GET /_next/static/chunks/3fntmmi971322.js
 HTTP  9/21/2026 5:29:41 PM ::1 Returned 304 in 15 ms
 HTTP  9/21/2026 5:29:41 PM ::1 Returned 304 in 24 ms
 HTTP  9/21/2026 5:29:41 PM ::1 Returned 304 in 15 ms
 HTTP  9/21/2026 5:29:41 PM ::1 Returned 304 in 19 ms
 HTTP  9/21/2026 5:29:41 PM ::1 Returned 304 in 17 ms
 HTTP  9/21/2026 5:29:41 PM ::1 GET /_next/static/chunks/08h_lnmb0vpih.js
 HTTP  9/21/2026 5:29:41 PM ::1 GET /_next/static/chunks/0dqcc91hw--o_.js
 HTTP  9/21/2026 5:29:41 PM ::1 GET /bsnu-logo.png
 HTTP  9/21/2026 5:29:41 PM ::1 Returned 304 in 28 ms
 HTTP  9/21/2026 5:29:41 PM ::1 GET /fms-logo.png
 HTTP  9/21/2026 5:29:41 PM ::1 GET /mood-digital-logo.png
 HTTP  9/21/2026 5:29:41 PM ::1 Returned 304 in 25 ms
 HTTP  9/21/2026 5:29:41 PM ::1 Returned 200 in 20 ms
 HTTP  9/21/2026 5:29:41 PM ::1 Returned 304 in 21 ms
 HTTP  9/21/2026 5:29:41 PM ::1 Returned 304 in 19 ms
 HTTP  9/21/2026 5:29:41 PM ::1 Returned 304 in 19 ms
 HTTP  9/21/2026 5:29:41 PM ::1 HEAD /
 HTTP  9/21/2026 5:29:41 PM ::1 HEAD /speakers/
 HTTP  9/21/2026 5:29:41 PM ::1 Returned 304 in 13 ms
 HTTP  9/21/2026 5:29:41 PM ::1 Returned 200 in 13 ms
 HTTP  9/21/2026 5:29:41 PM ::1 GET /tab-compass.png
 HTTP  9/21/2026 5:29:41 PM ::1 GET /__next._tree.txt?_rsc=3AOHQTduX8R8iEgP
 HTTP  9/21/2026 5:29:41 PM ::1 Returned 304 in 9 ms
 HTTP  9/21/2026 5:29:41 PM ::1 Returned 200 in 6 ms
 HTTP  9/21/2026 5:29:41 PM ::1 GET /speakers/__next._tree.txt?_rsc=3AOHQTduX8R8iEgP
 HTTP  9/21/2026 5:29:41 PM ::1 Returned 200 in 5 ms
 HTTP  9/21/2026 5:29:41 PM ::1 GET /__next.__PAGE__.txt?_rsc=gitvYGcMqNeYqW0Z
 HTTP  9/21/2026 5:29:41 PM ::1 Returned 200 in 3 ms
 HTTP  9/21/2026 5:29:41 PM ::1 GET /speakers/__next.speakers.__PAGE__.txt?_rsc=vXjLSP113jpBe4Wq
 HTTP  9/21/2026 5:29:41 PM ::1 GET /_next/static/chunks/0goy3ssicgvu7.js
 HTTP  9/21/2026 5:29:41 PM ::1 Returned 304 in 4 ms
 HTTP  9/21/2026 5:29:41 PM ::1 Returned 404 in 25 ms
 HTTP  9/21/2026 5:29:42 PM ::1 GET /speakers/
 HTTP  9/21/2026 5:29:42 PM ::1 Returned 200 in 3 ms
 HTTP  9/21/2026 5:29:42 PM ::1 GET /compass-logo.png
 HTTP  9/21/2026 5:29:42 PM ::1 GET /_next/static/chunks/41u-6wrh3cc1o.css
 HTTP  9/21/2026 5:29:42 PM ::1 Returned 304 in 7 ms
 HTTP  9/21/2026 5:29:42 PM ::1 Returned 304 in 6 ms
 HTTP  9/21/2026 5:29:42 PM ::1 GET /_next/static/chunks/3s6nzrbk-8mnv.js
 HTTP  9/21/2026 5:29:42 PM ::1 GET /_next/static/chunks/19mx3mg6lkumu.js
 HTTP  9/21/2026 5:29:42 PM ::1 Returned 304 in 4 ms
 HTTP  9/21/2026 5:29:42 PM ::1 GET /_next/static/chunks/3kmozkq6tgqnz.js
 HTTP  9/21/2026 5:29:42 PM ::1 GET /_next/static/chunks/2l5x-zhm7488_.js
 HTTP  9/21/2026 5:29:42 PM ::1 GET /_next/static/chunks/turbopack-23uo424_7v2rd.js
 HTTP  9/21/2026 5:29:42 PM ::1 Returned 304 in 19 ms
 HTTP  9/21/2026 5:29:42 PM ::1 Returned 304 in 15 ms
 HTTP  9/21/2026 5:29:42 PM ::1 Returned 304 in 12 ms
 HTTP  9/21/2026 5:29:42 PM ::1 GET /_next/static/chunks/3fntmmi971322.js
 HTTP  9/21/2026 5:29:42 PM ::1 GET /_next/static/chunks/08h_lnmb0vpih.js
 HTTP  9/21/2026 5:29:42 PM ::1 GET /bsnu-logo.png
 HTTP  9/21/2026 5:29:42 PM ::1 GET /fms-logo.png
 HTTP  9/21/2026 5:29:42 PM ::1 GET /mood-digital-logo.png
 HTTP  9/21/2026 5:29:42 PM ::1 Returned 304 in 23 ms
 HTTP  9/21/2026 5:29:42 PM ::1 Returned 304 in 15 ms
 HTTP  9/21/2026 5:29:42 PM ::1 Returned 304 in 14 ms
 HTTP  9/21/2026 5:29:42 PM ::1 Returned 304 in 13 ms
 HTTP  9/21/2026 5:29:42 PM ::1 Returned 304 in 18 ms
 HTTP  9/21/2026 5:29:42 PM ::1 Returned 304 in 15 ms
 HTTP  9/21/2026 5:29:42 PM ::1 HEAD /
 HTTP  9/21/2026 5:29:42 PM ::1 HEAD /agenda/
 HTTP  9/21/2026 5:29:42 PM ::1 GET /tab-compass.png
 HTTP  9/21/2026 5:29:42 PM ::1 Returned 304 in 7 ms
 HTTP  9/21/2026 5:29:42 PM ::1 Returned 304 in 7 ms
 HTTP  9/21/2026 5:29:42 PM ::1 Returned 304 in 8 ms
 HTTP  9/21/2026 5:29:42 PM ::1 GET /__next._tree.txt?_rsc=e4kdpJ5IF1QMkzcO
 HTTP  9/21/2026 5:29:42 PM ::1 Returned 200 in 7 ms
 HTTP  9/21/2026 5:29:42 PM ::1 GET /agenda/__next._tree.txt?_rsc=e4kdpJ5IF1QMkzcO
 HTTP  9/21/2026 5:29:42 PM ::1 Returned 200 in 3 ms
 HTTP  9/21/2026 5:29:42 PM ::1 GET /__next.__PAGE__.txt?_rsc=CWlaD1ba2ROxeg9C
 HTTP  9/21/2026 5:29:42 PM ::1 GET /agenda/__next.agenda.__PAGE__.txt?_rsc=VnyLuDlmOr2wE4iL
 HTTP  9/21/2026 5:29:42 PM ::1 Returned 200 in 5 ms
 HTTP  9/21/2026 5:29:42 PM ::1 Returned 404 in 9 ms
 HTTP  9/21/2026 5:29:42 PM ::1 GET /_next/static/chunks/0goy3ssicgvu7.js
 HTTP  9/21/2026 5:29:42 PM ::1 Returned 304 in 3 ms
 HTTP  9/21/2026 5:29:43 PM ::1 GET /posters/
 HTTP  9/21/2026 5:29:43 PM ::1 Returned 200 in 3 ms
 HTTP  9/21/2026 5:29:43 PM ::1 GET /compass-logo.png
 HTTP  9/21/2026 5:29:43 PM ::1 GET /_next/static/chunks/41u-6wrh3cc1o.css
 HTTP  9/21/2026 5:29:43 PM ::1 Returned 304 in 10 ms
 HTTP  9/21/2026 5:29:43 PM ::1 Returned 304 in 6 ms
 HTTP  9/21/2026 5:29:43 PM ::1 GET /_next/static/chunks/3s6nzrbk-8mnv.js
 HTTP  9/21/2026 5:29:43 PM ::1 GET /_next/static/chunks/19mx3mg6lkumu.js
 HTTP  9/21/2026 5:29:43 PM ::1 GET /_next/static/chunks/3kmozkq6tgqnz.js
 HTTP  9/21/2026 5:29:43 PM ::1 GET /_next/static/chunks/2l5x-zhm7488_.js
 HTTP  9/21/2026 5:29:43 PM ::1 GET /_next/static/chunks/turbopack-23uo424_7v2rd.js
 HTTP  9/21/2026 5:29:43 PM ::1 GET /_next/static/chunks/3fntmmi971322.js
 HTTP  9/21/2026 5:29:43 PM ::1 Returned 304 in 28 ms
 HTTP  9/21/2026 5:29:43 PM ::1 GET /_next/static/chunks/08h_lnmb0vpih.js
 HTTP  9/21/2026 5:29:43 PM ::1 Returned 304 in 19 ms
 HTTP  9/21/2026 5:29:43 PM ::1 Returned 304 in 20 ms
 HTTP  9/21/2026 5:29:43 PM ::1 Returned 304 in 22 ms
 HTTP  9/21/2026 5:29:43 PM ::1 Returned 304 in 22 ms
 HTTP  9/21/2026 5:29:43 PM ::1 Returned 304 in 21 ms
 HTTP  9/21/2026 5:29:43 PM ::1 Returned 304 in 17 ms
 HTTP  9/21/2026 5:29:43 PM ::1 GET /bsnu-logo.png
 HTTP  9/21/2026 5:29:43 PM ::1 Returned 304 in 3 ms
 HTTP  9/21/2026 5:29:43 PM ::1 GET /fms-logo.png
 HTTP  9/21/2026 5:29:43 PM ::1 GET /mood-digital-logo.png
 HTTP  9/21/2026 5:29:43 PM ::1 Returned 304 in 8 ms
 HTTP  9/21/2026 5:29:43 PM ::1 Returned 304 in 7 ms
 HTTP  9/21/2026 5:29:43 PM ::1 HEAD /
 HTTP  9/21/2026 5:29:43 PM ::1 GET /tab-compass.png
 HTTP  9/21/2026 5:29:43 PM ::1 Returned 304 in 7 ms
 HTTP  9/21/2026 5:29:43 PM ::1 Returned 304 in 8 ms
 HTTP  9/21/2026 5:29:43 PM ::1 GET /__next._tree.txt?_rsc=rO-w20fdJrTTjPH3
 HTTP  9/21/2026 5:29:43 PM ::1 Returned 200 in 6 ms
 HTTP  9/21/2026 5:29:43 PM ::1 GET /__next.__PAGE__.txt?_rsc=le3LEAwq4TeE5Il6
 HTTP  9/21/2026 5:29:43 PM ::1 Returned 200 in 4 ms
 HTTP  9/21/2026 5:29:43 PM ::1 GET /_next/static/chunks/0goy3ssicgvu7.js
 HTTP  9/21/2026 5:29:43 PM ::1 Returned 304 in 2 ms
 HTTP  9/21/2026 5:29:43 PM ::1 GET /sponsors/
 HTTP  9/21/2026 5:29:43 PM ::1 Returned 200 in 3 ms
 HTTP  9/21/2026 5:29:43 PM ::1 GET /compass-logo.png
 HTTP  9/21/2026 5:29:43 PM ::1 GET /_next/static/chunks/41u-6wrh3cc1o.css
 HTTP  9/21/2026 5:29:43 PM ::1 Returned 304 in 8 ms
 HTTP  9/21/2026 5:29:43 PM ::1 Returned 304 in 6 ms
 HTTP  9/21/2026 5:29:43 PM ::1 GET /_next/static/chunks/3s6nzrbk-8mnv.js
 HTTP  9/21/2026 5:29:43 PM ::1 GET /_next/static/chunks/19mx3mg6lkumu.js
 HTTP  9/21/2026 5:29:43 PM ::1 GET /_next/static/chunks/3kmozkq6tgqnz.js
 HTTP  9/21/2026 5:29:43 PM ::1 GET /_next/static/chunks/2l5x-zhm7488_.js
 HTTP  9/21/2026 5:29:43 PM ::1 GET /_next/static/chunks/turbopack-23uo424_7v2rd.js
 HTTP  9/21/2026 5:29:43 PM ::1 GET /_next/static/chunks/3fntmmi971322.js
 HTTP  9/21/2026 5:29:43 PM ::1 Returned 304 in 17 ms
 HTTP  9/21/2026 5:29:43 PM ::1 Returned 304 in 17 ms
 HTTP  9/21/2026 5:29:43 PM ::1 Returned 304 in 16 ms
 HTTP  9/21/2026 5:29:43 PM ::1 Returned 304 in 17 ms
 HTTP  9/21/2026 5:29:43 PM ::1 Returned 304 in 17 ms
 HTTP  9/21/2026 5:29:43 PM ::1 Returned 304 in 16 ms
 HTTP  9/21/2026 5:29:43 PM ::1 GET /_next/static/chunks/08h_lnmb0vpih.js
 HTTP  9/21/2026 5:29:43 PM ::1 GET /bsnu-logo.png
 HTTP  9/21/2026 5:29:43 PM ::1 GET /fms-logo.png
 HTTP  9/21/2026 5:29:43 PM ::1 GET /mood-digital-logo.png
 HTTP  9/21/2026 5:29:43 PM ::1 Returned 304 in 9 ms
 HTTP  9/21/2026 5:29:43 PM ::1 Returned 304 in 16 ms
 HTTP  9/21/2026 5:29:43 PM ::1 Returned 304 in 17 ms
 HTTP  9/21/2026 5:29:43 PM ::1 Returned 304 in 18 ms
 HTTP  9/21/2026 5:29:43 PM ::1 HEAD /
 HTTP  9/21/2026 5:29:43 PM ::1 HEAD /about/
 HTTP  9/21/2026 5:29:43 PM ::1 Returned 304 in 5 ms
 HTTP  9/21/2026 5:29:43 PM ::1 GET /tab-compass.png
 HTTP  9/21/2026 5:29:43 PM ::1 Returned 304 in 9 ms
 HTTP  9/21/2026 5:29:43 PM ::1 Returned 304 in 5 ms
 HTTP  9/21/2026 5:29:43 PM ::1 GET /__next._tree.txt?_rsc=5Hsx665_Zd3nP6up
 HTTP  9/21/2026 5:29:43 PM ::1 GET /about/__next._tree.txt?_rsc=5Hsx665_Zd3nP6up
 HTTP  9/21/2026 5:29:43 PM ::1 Returned 200 in 15 ms
 HTTP  9/21/2026 5:29:43 PM ::1 Returned 200 in 10 ms
 HTTP  9/21/2026 5:29:44 PM ::1 GET /__next.__PAGE__.txt?_rsc=UNXMabkq54duWn_Z
 HTTP  9/21/2026 5:29:44 PM ::1 Returned 200 in 3 ms
 HTTP  9/21/2026 5:29:44 PM ::1 GET /about/__next.about.__PAGE__.txt?_rsc=Q0sPScNWJbUyklN9
 HTTP  9/21/2026 5:29:44 PM ::1 Returned 404 in 4 ms
 HTTP  9/21/2026 5:29:44 PM ::1 GET /_next/static/chunks/0goy3ssicgvu7.js
 HTTP  9/21/2026 5:29:44 PM ::1 Returned 304 in 3 ms
 HTTP  9/21/2026 5:29:44 PM ::1 GET /registration/
 HTTP  9/21/2026 5:29:44 PM ::1 Returned 200 in 2 ms
 HTTP  9/21/2026 5:29:44 PM ::1 GET /compass-logo.png
 HTTP  9/21/2026 5:29:44 PM ::1 GET /_next/static/chunks/41u-6wrh3cc1o.css
 HTTP  9/21/2026 5:29:44 PM ::1 Returned 304 in 8 ms
 HTTP  9/21/2026 5:29:44 PM ::1 Returned 304 in 7 ms
 HTTP  9/21/2026 5:29:44 PM ::1 GET /_next/static/chunks/3s6nzrbk-8mnv.js
 HTTP  9/21/2026 5:29:44 PM ::1 GET /_next/static/chunks/19mx3mg6lkumu.js
 HTTP  9/21/2026 5:29:44 PM ::1 GET /_next/static/chunks/3kmozkq6tgqnz.js
 HTTP  9/21/2026 5:29:44 PM ::1 GET /_next/static/chunks/2l5x-zhm7488_.js
 HTTP  9/21/2026 5:29:44 PM ::1 GET /_next/static/chunks/turbopack-23uo424_7v2rd.js
 HTTP  9/21/2026 5:29:44 PM ::1 GET /_next/static/chunks/3fntmmi971322.js
 HTTP  9/21/2026 5:29:44 PM ::1 Returned 304 in 19 ms
 HTTP  9/21/2026 5:29:44 PM ::1 Returned 304 in 21 ms
 HTTP  9/21/2026 5:29:44 PM ::1 Returned 304 in 21 ms
 HTTP  9/21/2026 5:29:44 PM ::1 Returned 304 in 19 ms
 HTTP  9/21/2026 5:29:44 PM ::1 Returned 304 in 19 ms
 HTTP  9/21/2026 5:29:44 PM ::1 GET /_next/static/chunks/08h_lnmb0vpih.js
 HTTP  9/21/2026 5:29:44 PM ::1 GET /bsnu-logo.png
 HTTP  9/21/2026 5:29:44 PM ::1 GET /fms-logo.png
 HTTP  9/21/2026 5:29:44 PM ::1 Returned 304 in 27 ms
 HTTP  9/21/2026 5:29:44 PM ::1 Returned 304 in 10 ms
 HTTP  9/21/2026 5:29:44 PM ::1 GET /mood-digital-logo.png
 HTTP  9/21/2026 5:29:44 PM ::1 Returned 304 in 14 ms
 HTTP  9/21/2026 5:29:44 PM ::1 Returned 304 in 13 ms
 HTTP  9/21/2026 5:29:44 PM ::1 Returned 304 in 10 ms
 HTTP  9/21/2026 5:29:44 PM ::1 GET /tab-compass.png
 HTTP  9/21/2026 5:29:44 PM ::1 Returned 304 in 5 ms
 HTTP  9/21/2026 5:29:44 PM ::1 HEAD /
 HTTP  9/21/2026 5:29:44 PM ::1 Returned 304 in 3 ms
 HTTP  9/21/2026 5:29:44 PM ::1 GET /__next._tree.txt?_rsc=2uxn3OduiNuvtl8f
 HTTP  9/21/2026 5:29:44 PM ::1 Returned 200 in 1 ms
 HTTP  9/21/2026 5:29:44 PM ::1 GET /__next.__PAGE__.txt?_rsc=wNd0b049GW_EH6YP
 HTTP  9/21/2026 5:29:44 PM ::1 Returned 200 in 1 ms
 HTTP  9/21/2026 5:29:44 PM ::1 GET /_next/static/chunks/0goy3ssicgvu7.js
 HTTP  9/21/2026 5:29:44 PM ::1 Returned 304 in 2 ms
